category,total_orders,delivered_orders,cancelled_orders,on_time_delivery_pct,sla_breach_pct,avg_delivery_days,freight_cost_per_delivered_order_brl,avg_review_score
home_comfort_2,22.0,22.0,0.0,0.8181818181818182,0.18181818181818182,15.075745475589228,18.042727272727276,3.9047619047619047
furniture_mattress_and_upholstery,38.0,37.0,0.0,0.8648648648648649,0.13513513513513514,14.432969532032033,42.73972972972973,3.891891891891892
audio,346.0,344.0,1.0,0.8691860465116279,0.1308139534883721,13.5065378041559,16.441773255813953,3.846041055718475
fashion_underwear_beach,121.0,117.0,0.0,0.8717948717948718,0.1282051282051282,14.00258270022159,15.846752136752134,4.008620689655173
books_technical,259.0,255.0,0.0,0.8901960784313725,0.10980392156862745,10.64432775054466,16.60721568627451,4.425196850393701
home_confort,375.0,370.0,0.0,0.8972972972972973,0.10270270270270271,13.556582895395396,23.720756756756757,3.910326086956522
food,444.0,435.0,1.0,0.8988505747126436,0.10114942528735632,9.824669194338016,16.05551724137931,4.324825986078887
electronics,2540.0,2507.0,6.0,0.9014758675708018,0.09852413242919825,12.937279543204953,18.34878340646191,4.128617363344051
christmas_supplies,128.0,125.0,1.0,0.904,0.096,15.374882037037036,25.569599999999998,4.1138211382113825
baby,2839.0,2763.0,16.0,0.9066232356134636,0.09337676438653637,12.734832647183014,24.022374230908436,4.122035753374681
office_furniture,1265.0,1246.0,1.0,0.9077046548956661,0.09229534510433386,20.69707252095595,53.55365971107544,3.6492718446601944
construction_tools_construction,740.0,728.0,2.0,0.907967032967033,0.09203296703296704,10.86338627518315,28.031813186813185,4.1320885200553255
construction_tools_lights,233.0,231.0,1.0,0.9090909090909091,0.09090909090909091,9.760362804633639,31.95056277056277,4.214912280701754
arts_and_craftmanship,22.0,22.0,0.0,0.9090909090909091,0.09090909090909091,5.70596433080808,16.525000000000002,4.136363636363637
health_beauty,8796.0,8608.0,35.0,0.9100836431226765,0.08991635687732343,12.10120617906039,20.774134526022305,4.235089153624542
unavailable,1437.0,1378.0,16.0,0.9107402031930334,0.08925979680696662,12.7057118811482,19.79298984034833,4.025931336742148
musical_instruments,624.0,607.0,8.0,0.9110378912685337,0.08896210873146623,13.110307180120813,29.41878088962109,4.247920133111481
bed_bath_table,9311.0,9167.0,18.0,0.9115304898003709,0.0884695101996291,13.032305442680872,21.997431002509,4.0113536155202825
auto,3880.0,3793.0,24.0,0.9135249143158449,0.08647508568415502,12.339303748632599,23.822770893751645,4.151788079470198
furniture_decor,6355.0,6213.0,24.0,0.9143730886850153,0.0856269113149847,13.108665000506704,27.118834701432476,4.073698718988163
furniture_living_room,417.0,409.0,2.0,0.9144254278728606,0.08557457212713937,13.945041825138096,43.642151589242054,4.094059405940594
watches_gifts,5601.0,5472.0,20.0,0.9144736842105263,0.08552631578947369,12.824912309990522,17.95870979532164,4.127025036818852
telephony,4182.0,4076.0,16.0,0.914622178606477,0.08537782139352307,12.966329019463526,17.00510304219823,4.056021717670286
fashion_sport,25.0,24.0,0.0,0.9166666666666666,0.08333333333333333,10.293810281635801,22.2375,4.541666666666667
industry_commerce_and_business,232.0,229.0,0.0,0.9170305676855895,0.08296943231441048,10.925780742365173,32.94410480349345,4.237885462555066
consoles_games,1058.0,1014.0,8.0,0.9181459566074951,0.08185404339250493,13.782990071864273,18.81636094674556,4.184577114427861
home_construction,473.0,466.0,1.0,0.9184549356223176,0.0815450643776824,13.509944513988238,28.69860515021459,4.053879310344827
music,37.0,37.0,0.0,0.918918918918919,0.08108108108108109,11.556270645645645,18.568648648648647,4.297297297297297
garden_tools,3482.0,3414.0,13.0,0.9197422378441711,0.08025776215582894,13.678181121037555,28.300620972466316,4.194698085419735
cine_photo,65.0,63.0,0.0,0.9206349206349206,0.07936507936507936,10.469129188712518,19.980793650793643,4.333333333333333
furniture_bedroom,94.0,89.0,0.0,0.9213483146067416,0.07865168539325842,13.761265475447358,48.34842696629214,4.292134831460674
art,198.0,191.0,1.0,0.9214659685863874,0.07853403141361257,11.389254653868528,19.81984293193717,4.126984126984127
sports_leisure,7681.0,7491.0,47.0,0.9220397810706181,0.07796021892938193,12.257041628034912,21.77697103190495,4.233382570162481
stationery,2294.0,2247.0,12.0,0.9221183800623053,0.0778816199376947,12.806261970693436,20.405465064530485,4.30550581915846
computers_accessories,6660.0,6501.0,35.0,0.9226272881095217,0.07737271189047838,13.185291912393161,22.08191970466082,4.083616692426585
toys,3861.0,3779.0,31.0,0.9248478433448002,0.0751521566551998,11.748739044762072,20.070764752580047,4.2409975993598295
perfumery,3149.0,3073.0,14.0,0.9258054018874065,0.07419459811259356,11.925700214532789,17.28576635209893,4.266242246163892
dvds_blu_ray,59.0,56.0,2.0,0.9285714285714286,0.07142857142857142,12.976927910052911,22.40285714285714,4.196428571428571
costruction_tools_garden,187.0,183.0,2.0,0.9289617486338798,0.07103825136612021,12.041129768771505,27.72896174863388,4.278688524590164
home_appliances_2,233.0,226.0,3.0,0.9292035398230089,0.07079646017699115,13.884754844723043,45.14800884955753,4.155555555555556
housewares,5829.0,5688.0,37.0,0.930028129395218,0.069971870604782,11.109886269664532,25.160951125175806,4.204597701149425
small_appliances_home_oven_and_coffee,75.0,72.0,0.0,0.9305555555555556,0.06944444444444445,9.927397762345679,36.89361111111111,4.430555555555555
books_general_interest,509.0,493.0,7.0,0.9310344827586207,0.06896551724137931,11.540724602905753,18.041399594320488,4.539877300613497
cool_stuff,3603.0,3530.0,15.0,0.9314447592067989,0.06855524079320113,12.39871130062428,23.137535410764873,4.227441462021702
computers,180.0,176.0,0.0,0.9318181818181818,0.06818181818181818,13.940640322495794,54.832556818181814,4.242774566473988
home_appliances,764.0,747.0,2.0,0.9330655957161981,0.06693440428380187,11.31172112834052,19.36987951807229,4.216173835125448
drinks,294.0,284.0,1.0,0.9330985915492958,0.06690140845070422,10.37345795839854,19.520915492957748,4.257042253521127
fashion_bags_accessories,1854.0,1810.0,6.0,0.9337016574585635,0.06629834254143646,11.233732025015346,16.874475138121543,4.2427857935627085
tablets_printing_image,77.0,77.0,0.0,0.935064935064935,0.06493506493506493,13.04695196007696,15.9174025974026,4.173333333333333
fashion_shoes,238.0,233.0,2.0,0.9356223175965666,0.06437768240343347,15.739348225639802,20.528841201716734,4.286026200873362
food_drink,224.0,218.0,2.0,0.9357798165137615,0.06422018348623854,10.879428569911656,20.15321100917431,4.447247706422019
pet_shop,1704.0,1682.0,4.0,0.9369797859690844,0.06302021403091558,11.39621536723257,23.234690844233057,4.280167264038232
small_appliances,627.0,606.0,8.0,0.9372937293729373,0.0627062706270627,11.008465021849407,25.4653300330033,4.266222961730449
costruction_tools_tools,97.0,97.0,0.0,0.9381443298969072,0.061855670103092786,12.209838082283312,20.930103092783504,4.425531914893617
signaling_and_security,140.0,138.0,0.0,0.9420289855072463,0.057971014492753624,10.871064395464304,47.0931884057971,4.116788321167883
fashio_female_clothing,39.0,36.0,0.0,0.9444444444444444,0.05555555555555555,13.001078317901236,16.735000000000003,3.9166666666666665
luggage_accessories,1023.0,1008.0,4.0,0.9454365079365079,0.054563492063492064,10.89499303029468,29.630357142857143,4.379482071713148
fixed_telephony,217.0,212.0,3.0,0.9481132075471698,0.05188679245283019,12.533988032844164,21.33608490566038,3.9665071770334928
agro_industry_and_commerce,182.0,177.0,0.0,0.9491525423728814,0.05084745762711865,11.432300428960033,31.84858757062146,4.107344632768362
market_place,274.0,268.0,1.0,0.9514925373134329,0.048507462686567165,12.36763586580984,19.623694029850746,4.116541353383458
fashion_male_clothing,112.0,106.0,1.0,0.9528301886792453,0.04716981132075472,12.85953692784766,19.45867924528302,3.8190476190476192
kitchen_dining_laundry_garden_furniture,246.0,239.0,2.0,0.9539748953974896,0.04602510460251046,11.854065308771116,48.66615062761506,4.135021097046414
construction_tools_safety,162.0,154.0,2.0,0.9545454545454546,0.045454545454545456,11.700416366041365,23.922012987012984,4.019607843137255
air_conditioning,252.0,245.0,2.0,0.9591836734693877,0.04081632653061224,11.883385487528347,26.69212244897959,4.128630705394191
diapers_and_hygiene,27.0,25.0,1.0,0.96,0.04,10.486374074074075,21.816,3.96
flowers,29.0,29.0,0.0,0.9655172413793104,0.034482758620689655,11.492039431673051,19.180000000000003,4.392857142857143
party_supplies,39.0,38.0,0.0,0.9736842105263158,0.02631578947368421,8.999704556530215,21.933684210526312,4.078947368421052
books_imported,52.0,49.0,0.0,0.9795918367346939,0.02040816326530612,7.804387518896447,14.666122448979591,4.510204081632653
fashion_childrens_clothes,8.0,7.0,0.0,1.0,0.0,8.81947585978836,18.435714285714287,5.0
cds_dvds_musicals,12.0,12.0,0.0,1.0,0.0,10.920239197530863,18.749166666666664,4.666666666666667
la_cuisine,12.0,12.0,0.0,1.0,0.0,7.6757079475308645,32.18083333333334,4.545454545454546
security_and_services,2.0,2.0,0.0,1.0,0.0,15.138153935185183,20.61,2.5
