purchase_month,total_orders,delivered_orders,cancelled_orders,on_time_delivery_pct,sla_breach_pct,avg_delivery_days,freight_cost_per_delivered_order_brl,avg_review_score
2016-09,4.0,1.0,2.0,0.0,1.0,54.81319444444444,8.49,1.0
2016-10,324.0,265.0,24.0,0.9886792452830189,0.011320754716981131,19.600558787561145,23.26622641509434,4.011450381679389
2016-12,1.0,1.0,0.0,1.0,0.0,4.693020833333334,8.72,5.0
2017-01,800.0,750.0,3.0,0.9693333333333334,0.030666666666666665,12.647043518518517,20.912013333333334,4.199055330634278
2017-02,1780.0,1653.0,17.0,0.9679370840895342,0.03206291591046582,13.168825248986131,22.39317604355717,4.202678027997566
2017-03,2682.0,2546.0,33.0,0.9442262372348782,0.05577376276512176,12.951184487831313,21.654399057344854,4.187376335575782
2017-04,2404.0,2303.0,18.0,0.921406860616587,0.07859313938341293,14.917912500402053,21.772783326096395,4.137554585152839
2017-05,3700.0,3546.0,29.0,0.9639029892837,0.03609701071630006,11.322362975369588,21.859320360970106,4.238487777146106
2017-06,3245.0,3135.0,16.0,0.9614035087719298,0.03859649122807018,12.011572704383013,21.7311004784689,4.222918675666988
2017-07,4026.0,3872.0,28.0,0.965650826446281,0.034349173553719005,11.592732387200606,21.873595041322314,4.258415755682805
2017-08,4331.0,4193.0,27.0,0.9668495110899118,0.03315048891008824,11.147124655510508,21.734476508466493,4.3115246098439375
2017-09,4285.0,4150.0,20.0,0.9479518072289157,0.052048192771084335,11.85100652889335,22.572968674698796,4.267484215638659
2017-10,4631.0,4478.0,26.0,0.947074586869138,0.05292541313086199,11.856699698526128,22.97216614560071,4.205240665766982
2017-11,7544.0,7289.0,37.0,0.8569076690904102,0.14309233090958978,15.161131699241778,22.719005350528192,3.988878143133462
2017-12,5673.0,5513.0,11.0,0.9161980772719027,0.08380192272809722,15.39491853010729,21.230745510611282,4.0895440395531955
2018-01,7269.0,7069.0,34.0,0.9343612957985571,0.06563870420144292,14.080562613956085,21.67809591172726,4.108726650506203
2018-02,6728.0,6555.0,73.0,0.8401220442410374,0.15987795575896263,16.94513756815549,21.316747520976353,3.8817171251472775
2018-03,7211.0,7003.0,26.0,0.7863772668856205,0.21362273311437954,16.30141017440938,23.88147793802656,3.8132556131260795
2018-04,6939.0,6798.0,15.0,0.9468961459252722,0.05310385407472786,11.499241053673193,23.43995881141512,4.2062351895734595
2018-05,6873.0,6749.0,24.0,0.9176174248036746,0.08238257519632539,11.419028935356678,22.407738924285077,4.236239214519488
2018-06,6167.0,6099.0,18.0,0.986391211674045,0.013608788325955074,9.239216293167347,25.561637973438266,4.306995884773663
2018-07,6292.0,6159.0,41.0,0.9551875304432538,0.044812469556746226,8.958636237154959,25.954508848839097,4.318085280182976
2018-08,6512.0,6351.0,84.0,0.8960793575814833,0.10392064241851677,7.732779720458137,23.132577546843017,4.3103475513428124
2018-09,16.0,0.0,15.0,,,,,
2018-10,4.0,0.0,4.0,,,,,
