purchase_month,total_orders,sla_breach_pct,avg_delivery_days,cancellation_rate_pct,freight_cost_per_delivered_order_brl
2016-09,4,1.0,54.81,50.0,8.49
2016-10,324,0.01,19.6,7.41,23.27
2016-12,1,0.0,4.69,0.0,8.72
2017-01,800,0.03,12.65,0.38,20.91
2017-02,1780,0.03,13.17,0.96,22.39
2017-03,2682,0.06,12.95,1.23,21.65
2017-04,2404,0.08,14.92,0.75,21.77
2017-05,3700,0.04,11.32,0.78,21.86
2017-06,3245,0.04,12.01,0.49,21.73
2017-07,4026,0.03,11.59,0.7,21.87
2017-08,4331,0.03,11.15,0.62,21.73
2017-09,4285,0.05,11.85,0.47,22.57
2017-10,4631,0.05,11.86,0.56,22.97
2017-11,7544,0.14,15.16,0.49,22.72
2017-12,5673,0.08,15.39,0.19,21.23
2018-01,7269,0.07,14.08,0.47,21.68
2018-02,6728,0.16,16.95,1.09,21.32
2018-03,7211,0.21,16.3,0.36,23.88
2018-04,6939,0.05,11.5,0.22,23.44
2018-05,6873,0.08,11.42,0.35,22.41
2018-06,6167,0.01,9.24,0.29,25.56
2018-07,6292,0.04,8.96,0.65,25.95
2018-08,6512,0.1,7.73,1.29,23.13
2018-09,16,0.0,0.0,93.75,0.0
2018-10,4,0.0,0.0,100.0,0.0
