segment_type,segment,delivered_orders,late_orders,avg_late_days,avg_freight_brl,late_delivery_rate,excess_late_orders_vs_baseline
customer state,RJ,12350,1664,1.7311922083520768,23.947404048582996,0.13473684210526315,662.2058085781215
customer state,BA,3256,457,1.5578454271032396,29.96120085995086,0.14035626535626536,192.88324799436145
customer state,CE,1279,196,2.1955045626646976,36.49678655199374,0.1532447224394058,92.25143556043865
customer state,MA,717,141,1.9607669720801695,42.948633193863316,0.19665271966527198,82.83915504052737
customer state,ES,1995,244,1.295971874129769,24.56866165413534,0.12230576441102757,82.1717075395427
category,health_beauty,8608,774,0.8039084456857531,20.774134526022305,0.08991635687732343,75.74539273202186
category,bed_bath_table,9167,811,0.8848470977317997,21.997431002509,0.0884695101996291,67.40102406766312
customer state,AL,397,95,2.2125499113723293,38.581284634760706,0.23929471032745592,62.796575385061885
customer state,SC,3546,346,0.7513664947201855,24.84930908065426,0.09757473209249859,58.359335807127025
category,electronics,2507,247,0.7827914201347338,18.34878340646191,0.09852413242919825,43.639834988287504
customer state,PE,1593,172,1.2248000656808724,35.833370998116756,0.10797237915881984,42.780716847364175
customer state,PA,946,117,1.5216783875577482,39.69659619450317,0.12367864693446089,40.26337610646988
customer state,PI,476,76,1.963581154684096,42.97728991596638,0.15966386554621848,37.38833723750493
category,baby,2763,258,0.9991086873835471,24.022374230908436,0.09337676438653637,33.873898712659894
category,furniture_decor,6213,532,0.8583126497755603,27.11883470143248,0.0856269113149847,28.0204606231473
customer state,MS,701,81,0.8860473298726688,27.01509272467903,0.11554921540656206,24.137026057754106
category,watches_gifts,5472,468,0.7843826807840747,17.95870979532164,0.08552631578947369,24.128112108460016
customer state,SE,335,51,2.571462341072416,40.940119402985076,0.15223880597014924,23.825825576815443
category,auto,3793,328,0.9639618434032661,23.82277089375165,0.08647508568415502,20.32345197868949
category,telephony,4076,348,0.7189196044824265,17.005103042198233,0.08537782139352307,17.367358361491767
category,audio,344,45,1.090851199127907,16.441773255813953,0.1308139534883721,17.09577312962541
customer state,PB,517,57,1.15363287126585,48.84280464216634,0.1102514506769826,15.062542755861443
category,office_furniture,1246,115,1.1346766876226144,53.55365971107544,0.09229534510433386,13.928294533468772
customer state,TO,274,35,0.7219177057988645,42.35350364963504,0.12773722627737227,12.773958829992331
customer state,RN,474,51,1.4144973824035008,39.25974683544304,0.10759493670886076,12.550571114658268
category,unavailable,1378,123,0.8103010687120358,19.792989840348334,0.08925979680696662,11.2208586413483
category,food,435,44,1.0601570083014047,16.05551724137931,0.10114942528735632,8.714131719148412
category,home_confort,370,38,1.3570526151151152,23.720756756756757,0.10270270270270271,7.986732726631981
category,construction_tools_construction,728,67,0.9513530060795685,28.031813186813185,0.09203296703296704,7.946868716184007
category,books_technical,255,28,0.6059448529411765,16.60721568627451,0.10980392156862745,7.315180662949068
category,musical_instruments,607,54,1.001109070870706,29.41878088962109,0.08896210873146623,4.762018283961112
category,construction_tools_lights,231,21,0.4658713624338624,31.95056277056277,0.09090909090909091,2.2619871887891563
category,furniture_living_room,409,35,0.8660993389477497,43.642151589242054,0.08557457212713937,1.823172122141841
customer state,GO,1957,160,0.8002635245746513,26.25224833929484,0.08175779253960143,1.2541512054561679
category,consoles_games,1014,83,0.7453047040506976,18.81636094674556,0.08185404339250493,0.7474242832562936
category,industry_commerce_and_business,229,19,0.7091634178037686,32.94410480349345,0.08296943231441048,0.424221065942497
category,home_construction,466,38,0.8370066613018597,28.69860515021459,0.0815450643776824,0.19950662327163116
customer state,SP,40501,2387,0.4142697460666326,17.334633465840348,0.058936816374904326,0.0
customer state,MG,11354,637,0.4223507205406481,23.46396336093007,0.056103575832305796,0.0
category,sports_leisure,7491,584,0.7668818130964743,21.776971031904953,0.07796021892938193,0.0
category,computers_accessories,6501,503,0.7165602635327635,22.08191970466082,0.07737271189047838,0.0
category,housewares,5688,398,0.6199509648317445,25.160951125175806,0.069971870604782,0.0
customer state,RS,5345,382,0.6724709500270293,24.803614593077643,0.0714686623012161,0.0
category,toys,3779,284,0.7581117562937474,20.070764752580047,0.0751521566551998,0.0
category,garden_tools,3414,274,0.75296070171299,28.300620972466316,0.08025776215582894,0.0
customer state,PR,4923,246,0.36977923211907826,23.490816575258986,0.049969530773918344,0.0
category,cool_stuff,3530,242,0.7255126626272165,23.137535410764873,0.06855524079320113,0.0
category,perfumery,3073,228,0.7787241739583709,17.28576635209893,0.07419459811259356,0.0
category,stationery,2247,175,0.824484616319702,20.405465064530485,0.0778816199376947,0.0
customer state,DF,2080,147,0.46918566372863246,23.85814423076923,0.07067307692307692,0.0
category,fashion_bags_accessories,1810,120,0.6200168815224064,16.874475138121547,0.06629834254143646,0.0
category,pet_shop,1682,106,0.45041530420134757,23.234690844233057,0.06302021403091558,0.0
customer state,MT,886,60,0.677527080198144,32.768397291196386,0.06772009029345373,0.0
category,luggage_accessories,1008,55,0.40734718318268665,29.630357142857143,0.054563492063492064,0.0
category,home_appliances,747,50,0.34333824495512916,19.36987951807229,0.06693440428380187,0.0
category,small_appliances,606,38,0.4777071873854052,25.4653300330033,0.0627062706270627,0.0
category,books_general_interest,493,34,0.5036539963489912,18.041399594320488,0.06896551724137931,0.0
category,drinks,284,19,0.701879156885759,19.520915492957744,0.06690140845070422,0.0
category,home_appliances_2,226,16,1.4106988487381185,45.14800884955753,0.07079646017699115,0.0
category,fashion_shoes,233,15,0.5452323756159593,20.52884120171674,0.06437768240343347,0.0
category,food_drink,218,14,0.5860626911314984,20.15321100917431,0.06422018348623854,0.0
category,market_place,268,13,0.5058779453427308,19.623694029850746,0.048507462686567165,0.0
category,fixed_telephony,212,11,0.48004116439552763,21.33608490566038,0.05188679245283019,0.0
category,kitchen_dining_laundry_garden_furniture,239,11,0.4340467127692546,48.66615062761506,0.04602510460251046,0.0
category,air_conditioning,245,10,0.5407132936507936,26.69212244897959,0.04081632653061224,0.0
customer state,RO,243,7,0.17791842897424173,46.43308641975309,0.02880658436213992,0.0
