route,delivered_items,late_items,late_rate
AL <- PR,43,20,0.4651
SP <- MA,130,35,0.2692
AL <- SP,273,69,0.2527
CE <- RJ,56,14,0.25
MA <- SP,549,122,0.2222
PB <- MG,58,11,0.1897
SE <- SP,237,43,0.1814
PI <- SP,362,65,0.1796
MA <- MG,67,12,0.1791
MA <- PR,45,8,0.1778
PA <- MG,92,16,0.1739
AL <- MG,38,6,0.1579
MG <- MA,32,5,0.1562
CE <- SP,1091,168,0.154
BA <- PR,163,25,0.1534
PB <- PR,46,7,0.1522
RJ <- SP,9403,1396,0.1485
BA <- SP,2626,388,0.1478
BA <- RS,49,7,0.1429
ES <- SP,1621,227,0.14
MS <- RJ,43,6,0.1395
MS <- SP,555,75,0.1351
RR <- SP,37,5,0.1351
RJ <- PR,1115,146,0.1309
PA <- SP,765,99,0.1294
CE <- PR,72,9,0.125
BA <- SC,80,10,0.125
TO <- SP,226,28,0.1239
PE <- RJ,105,13,0.1238
PE <- PR,98,12,0.1224
SE <- MG,41,5,0.122
PA <- PR,58,7,0.1207
RN <- SP,368,43,0.1168
CE <- MG,81,9,0.1111
DF <- RJ,110,12,0.1091
SC <- SP,2709,286,0.1056
BA <- RJ,142,15,0.1056
PB <- SP,387,40,0.1034
RJ <- SC,531,54,0.1017
PE <- SP,1246,126,0.1011
MA <- RJ,30,3,0.1
BA <- MG,413,41,0.0993
DF <- DF,61,6,0.0984
SC <- RJ,133,13,0.0977
MT <- RJ,31,3,0.0968
RS <- RJ,219,21,0.0959
SP <- ES,116,11,0.0948
BA <- BA,74,7,0.0946
RJ <- RS,263,24,0.0913
RJ <- MG,1275,116,0.091
different state,70331,6330,0.09
SC <- MG,281,25,0.089
GO <- SP,1657,145,0.0875
RJ <- DF,105,9,0.0857
ES <- PR,117,10,0.0855
SP <- RJ,1470,125,0.085
DF <- SP,1565,132,0.0843
RJ <- ES,72,6,0.0833
PE <- MG,115,9,0.0783
PR <- RJ,231,18,0.0779
GO <- SC,77,6,0.0779
GO <- GO,39,3,0.0769
SC <- PR,443,34,0.0767
RS <- SP,4134,299,0.0723
GO <- RJ,125,9,0.072
SC <- SC,298,21,0.0705
MG <- RJ,612,43,0.0703
RS <- RS,321,22,0.0685
MT <- SP,761,51,0.067
PI <- PR,30,2,0.0667
AP <- SP,61,4,0.0656
ES <- MG,201,13,0.0647
MT <- MG,64,4,0.0625
RJ <- RJ,1084,67,0.0618
SP <- SP,35425,2162,0.061
MG <- SP,8567,522,0.0609
same state,39866,2384,0.0598
RS <- SC,322,19,0.059
MS <- MG,69,4,0.058
PE <- BA,35,2,0.0571
RJ <- PE,53,3,0.0566
MG <- PR,925,52,0.0562
RJ <- BA,93,5,0.0538
SP <- BA,150,8,0.0533
BA <- DF,38,2,0.0526
PR <- SP,3609,186,0.0515
PA <- RJ,39,2,0.0513
PE <- SC,39,2,0.0513
RJ <- GO,60,3,0.05
RS <- MG,310,15,0.0484
MG <- SC,476,23,0.0483
RJ <- MA,42,2,0.0476
PR <- RS,148,7,0.0473
RS <- PR,685,32,0.0467
RO <- SP,195,9,0.0462
AM <- SP,109,5,0.0459
DF <- PR,176,8,0.0455
GO <- PR,89,4,0.0449
PR <- PR,805,35,0.0435
MT <- PR,69,3,0.0435
SP <- SC,1487,61,0.041
DF <- RS,49,2,0.0408
SP <- MG,2902,118,0.0407
ES <- SC,54,2,0.037
SP <- PR,3340,122,0.0365
SP <- GO,137,5,0.0365
BA <- ES,30,1,0.0333
MS <- SC,31,1,0.0323
PR <- SC,323,10,0.031
MG <- MG,1669,51,0.0306
MS <- PR,66,2,0.0303
PI <- MG,33,1,0.0303
AC <- SP,66,2,0.0303
GO <- MG,169,5,0.0296
SP <- MT,34,1,0.0294
SP <- PE,105,3,0.0286
DF <- MG,216,6,0.0278
GO <- DF,36,1,0.0278
SP <- DF,329,9,0.0274
RS <- BA,42,1,0.0238
MG <- RS,217,5,0.023
SP <- RS,749,16,0.0214
ES <- RJ,111,2,0.018
PR <- MG,412,7,0.017
DF <- SC,74,1,0.0135
MG <- GO,98,1,0.0102
MG <- DF,108,1,0.0093
BA <- PE,32,0,0.0
MG <- BA,53,0,0.0
MG <- ES,51,0,0.0
MG <- PE,72,0,0.0
RN <- MG,35,0,0.0
SC <- RS,129,0,0.0
PR <- DF,32,0,0.0
