seller_id,seller_state,delivered_items,delivered_orders,late_items,late_rate,excess_late_items,late_item_price_brl,late_item_freight_brl,avg_delivery_days
06a2c3af7b3aee5d69171b0e14f0ee87,MA,402,389,95,0.2363,63.2,8204.05,2632.51,17.74
4a3ca9315b744ce9f8e9374361493884,SP,1949,1772,214,0.1098,59.9,22507.69,4424.83,14.42
8160255418d5aaa7dbdc9f4c64ebda44,SP,424,380,76,0.1792,42.5,8219.5,1419.52,16.78
4869f7a5dfa277a7dca6462dcf3b52b2,SP,1148,1124,133,0.1159,42.2,26853.8,2673.63,15.01
88460e8ebdecbfecb5f9601833981930,PR,300,246,59,0.1967,35.3,6989.85,931.21,18.27
1f50f920176fa81dab994f9023523100,SP,1926,1399,182,0.0945,29.7,9952.1,3926.03,15.57
ea8482cd71df3c1969d7b9473ff13abc,SP,1188,1132,123,0.1035,29.1,3764.11,1996.81,13.32
e5a3438891c0bfdb9394643f95273d8e,SP,247,216,45,0.1822,25.5,1354.3,695.6,15.38
8b321bb669392f5163d04c59e235e066,SP,1005,930,103,0.1025,23.5,1652.56,1605.97,12.62
7c67e1448b00f6e969d365cea6b010ab,SP,1355,973,130,0.0959,22.9,17756.98,5053.97,22.39
7d13fca15225358621be4086e1eb0964,SP,571,558,68,0.1191,22.8,15009.44,1332.04,15.69
f7ba60f8c3f99e7ee4042fdef03b70c4,SP,229,218,38,0.1659,19.9,11503.0,764.91,13.12
54965bbe3e4f07ae045b90b0b8541f52,PR,81,73,26,0.321,19.6,3362.7,646.63,26.73
2709af9587499e95e803a6498a5a56e9,SP,46,25,23,0.5,19.4,88.18,196.07,12.7
1025f0e2d44d7041d6cf58b6550e0bfa,SP,1420,910,131,0.0923,18.7,14429.32,3434.7,12.05
855668e0971d4dfd7bef1b6a4133b41b,SP,311,300,43,0.1383,18.4,5610.81,1263.37,16.15
a49928bcdf77c55c6d6e05e09a9b4ca5,SP,104,96,26,0.25,17.8,2196.5,411.74,16.94
897060da8b9a21f655304d50fd935913,SP,413,304,50,0.1211,17.3,2071.89,785.71,14.86
cd68562d3f44870c08922d380acae552,SP,129,122,26,0.2016,15.8,4234.0,489.7,16.78
2c9e548be18521d1c43cde1c582c6de8,SP,171,124,29,0.1696,15.5,1089.2,441.81,13.73
1ca7077d890b907f89be8c954a02686a,SP,127,108,25,0.1969,15.0,2906.97,321.84,15.03
1835b56ce799e6a4dc4eddc053f04066,SP,551,417,58,0.1053,14.4,3192.13,964.59,12.77
77530e9772f57a62c906e1c21538ab82,PR,381,312,44,0.1155,13.9,5424.2,1072.0,15.09
7aa4334be125fcdd2ba64b3180029f14,SP,237,214,32,0.135,13.3,2291.27,589.62,15.98
fa1c13f2614d7b5c4749cbc52fecda94,SP,579,578,59,0.1019,13.2,16104.4,1078.49,13.34
6039e27294dc75811c0d8a39069f52c0,SP,74,63,19,0.2568,13.1,4118.1,701.88,17.98
4e922959ae960d389249c378d1c939f5,SP,446,412,48,0.1076,12.7,6095.75,820.85,14.63
620c87c171fb2a6dd6e8bb4dec959fc6,RJ,778,722,74,0.0951,12.5,9321.6,1390.27,12.91
cac4c8e7b1ca6252d8f20b2fc1a2e4af,SP,82,74,19,0.2317,12.5,724.81,323.27,19.9
e9bc59e7b60fc3063eb2290deda4cced,PR,260,209,33,0.1269,12.4,4251.55,618.61,14.57
2eb70248d66e0e3ef83659f71b244378,SP,197,187,28,0.1421,12.4,8062.5,432.69,17.97
bbad7e518d7af88a0897397ffdca1979,SP,84,68,19,0.2262,12.4,833.9,315.84,15.28
ede0c03645598cdfc63ca8237acbe73d,SP,47,43,16,0.3404,12.3,665.13,238.91,18.4
16090f2ca825584b5a147ab24aa30c86,SP,406,398,44,0.1084,11.9,3310.92,627.43,9.22
2a261b5b644fa05f4f2700eb93544f2c,SP,82,51,18,0.2195,11.5,970.0,417.04,14.46
8f2ce03f928b567e3d56181ae20ae952,SP,172,151,25,0.1453,11.4,3243.5,540.89,14.38
712e6ed8aa4aa1fa65dab41fed5737e4,SC,85,77,18,0.2118,11.3,9228.0,1107.25,23.8
835f0f7810c76831d6c7d24c7a646d4d,SP,48,42,15,0.3125,11.2,1618.5,274.58,18.48
2a1348e9addc1af5aaa619b1a3679d6b,MG,51,48,15,0.2941,11.0,860.5,257.36,27.2
1900267e848ceeba8fa32d80c1a5f5a8,SP,523,406,52,0.0994,10.6,2381.11,834.05,12.8
beadbee30901a7f61d031b6b686095ad,SP,68,64,16,0.2353,10.6,1351.0,235.8,13.54
391fc6631aebcf3004804e51b40bcf1e,SP,605,521,58,0.0959,10.2,4201.54,1024.21,14.27
11bfa66332777660bd0640ee84d47006,SP,102,76,18,0.1765,9.9,454.12,320.8,16.17
d20b021d3efdf267a402c402a48ea64b,SP,102,86,18,0.1765,9.9,662.71,266.2,16.66
dd7ddc04e1b6c2c614352b383efe2d36,SP,142,121,21,0.1479,9.8,1915.08,527.49,14.82
99a54764c341d5dc80b4a8fac4eba3fb,SP,66,44,15,0.2273,9.8,822.9,240.18,7.08
7e1fb0a3ebfb01ffb3a7dae98bf3238d,SP,169,155,23,0.1361,9.6,3464.99,434.63,15.6
70a12e78e608ac31179aea7f8422044b,SP,323,312,35,0.1084,9.5,4292.94,581.54,14.7
6973a06f484aacf400ece213dbf3d946,SP,108,89,18,0.1667,9.5,2167.08,244.97,14.99
431af27f296bc6519d890aa5a05fdb11,SP,124,116,19,0.1532,9.2,2130.1,364.53,16.94
ad781527c93d00d89a11eecd9dcad7c1,SP,38,38,12,0.3158,9.0,1879.88,631.73,25.5
7ad32824caee82087b3e2e5f33b1bf32,SP,180,147,23,0.1278,8.8,4213.9,465.94,11.49
b2479f944e1b90cf8a5de1bbfde284d6,SP,129,101,19,0.1473,8.8,515.81,371.28,15.44
602044f2c16190c2c6e45eb35c2e21cb,SP,55,48,13,0.2364,8.7,812.41,232.63,15.83
d13e50eaa47b4cbe9eb81465865d8cfc,SP,68,66,14,0.2059,8.6,1464.32,129.24,4.97
8581055ce74af1daba164fdbd55a40de,SP,427,380,42,0.0984,8.2,5760.12,962.94,12.83
a416b6a846a11724393025641d4edd5e,SP,176,157,22,0.125,8.1,3319.18,372.23,12.6
8b28d096634035667e8263d57ba3368c,SP,151,139,20,0.1325,8.1,1182.46,302.4,14.29
b33e7c55446eabf8fe1a42d037ac7d6d,SP,152,149,20,0.1316,8.0,6403.68,381.94,16.43
c3867b4666c7d76867627c2f7fb22e21,SP,241,228,27,0.112,7.9,4195.6,549.23,15.22
ea566164622c6b439516ab18062c42cd,SP,52,50,12,0.2308,7.9,6293.7,296.2,14.23
891071be6ba827b591264c90c2ae8a63,SP,90,85,15,0.1667,7.9,1006.85,205.56,13.21
ef990a83bbea832f36ebe81376335aa8,SC,44,43,11,0.25,7.5,1313.49,243.14,16.85
c31eff8334d6b3047ed34bebd4d62c36,SP,121,120,17,0.1405,7.4,1618.57,255.52,12.77
0bf0150d5b9d60d9cd2906003332f085,SP,62,39,12,0.1935,7.1,1311.1,245.61,14.13
71039d19d4303bf9054d69e9a9236699,SP,38,35,10,0.2632,7.0,1219.0,170.64,13.39
adbc26658d6c7b4b6219f9d934598091,PR,92,88,14,0.1522,6.7,1843.8,285.78,17.18
59b22a78efb79a4797979612b885db36,MG,133,125,17,0.1278,6.5,4557.0,885.96,12.5
b561927807645834b59ef0d16ba55a24,SP,95,85,14,0.1474,6.5,671.2,187.71,12.52
ba143b05f0110f0dc71ad71b4466ce92,SP,84,83,13,0.1548,6.4,930.48,164.55,10.28
0d85bbda9889ce1f7e63778d24f346eb,MG,58,51,11,0.1897,6.4,1121.9,430.63,18.32
2e90cb1677d35cfe24eef47d441b7c87,SP,137,127,17,0.1241,6.2,1749.2,328.72,12.1
213b25e6f54661939f11710a6fddb871,SP,190,152,21,0.1105,6.0,1372.25,291.15,15.23
8e6d7754bc7e0f22c96d255ebda59eba,SP,129,84,16,0.124,5.8,1907.84,190.65,14.08
b499c00f28f4b7069ff6550af8c1348a,SP,182,147,20,0.1099,5.6,1124.8,344.46,10.82
66e0557ecc2b4dbea057e93f215f68d8,SP,30,30,8,0.2667,5.6,3072.0,114.79,31.73
634964b17796e64304cadf1ad3050fb7,RJ,323,265,31,0.096,5.5,5099.4,561.61,14.5
06579cb253ecd5a3a12a9e6eb6bf8f47,SP,70,61,11,0.1571,5.5,695.9,198.15,10.96
7d76b645482be4a332374e8223836592,SP,183,172,20,0.1093,5.5,395.03,306.07,13.26
e62b2d6ac10570a035a30bafcf01d263,SP,71,62,11,0.1549,5.4,598.59,165.76,14.71
900ba814c251a692506d7834c1218441,SP,86,86,12,0.1395,5.2,4078.66,347.37,12.48
37515688008a7a40ac93e3b2e4ab203f,SP,239,227,24,0.1004,5.1,625.5,392.63,15.08
c9c7905cffc4ef9ff9f113554423e671,SP,139,127,16,0.1151,5.0,1506.18,286.34,11.06
b17b679f4f5ce2e03ce6968c62648246,SP,51,50,9,0.1765,5.0,595.34,209.57,19.11
a673821011d0cec28146ea42f5ab767f,SP,141,125,16,0.1135,4.9,1348.85,221.06,12.57
c60b801f2d52c7f7f91de00870882a75,SP,39,39,8,0.2051,4.9,2603.0,159.68,16.1
218d46b86c1881d022bce9c68a7d4b15,SP,420,382,38,0.0905,4.8,4960.6,716.58,13.8
cfb1a033743668a192316f3c6d1d2671,SP,179,143,19,0.1061,4.8,1923.2,398.25,11.87
23613d49c3ac2bd302259e55c06c050c,SP,79,69,11,0.1392,4.8,421.9,214.61,13.89
75d34ebb1bd0bd7dde40dd507b8169c3,BA,67,57,10,0.1493,4.7,2089.9,165.42,16.07
002100f778ceb8431b7a1020ff7ab48f,SP,54,50,9,0.1667,4.7,164.1,138.41,16.19
440dd6ab244315c632130ecfb63827b1,SP,92,91,12,0.1304,4.7,1979.0,262.7,16.67
56642bcb79900e777d68e91915cb4267,SP,56,48,9,0.1607,4.6,315.92,115.78,14.24
f3da5b2ff499efb8d4a6d371d175d7dd,SP,82,77,11,0.1341,4.5,635.96,204.21,11.27
6ec1a01e866584bb679eb9b098345919,SP,31,30,7,0.2258,4.5,1010.93,219.03,14.62
b1fc4f64df5a0e8b6913ab38803c57a9,RJ,121,107,14,0.1157,4.4,774.92,268.7,15.73
834f8533b2ecb6598dd004ff3de7203a,SP,45,41,8,0.1778,4.4,713.84,145.33,15.05
903037660cf848a717166eb7a06d616e,SP,59,44,9,0.1525,4.3,2260.91,297.0,11.61
05f51e13da97139648b8125c31e5f51b,MG,60,57,9,0.15,4.3,2225.1,276.22,12.29
3fd1e727ba94cfe122d165e176ce7967,SP,36,35,7,0.1944,4.2,414.3,116.18,15.64
0725b8c0f3f906e58f70cbe76b7c748c,SP,36,16,7,0.1944,4.2,617.75,193.26,11.78
c826c40d7b19f62a09e2d7c5e7295ee2,SP,365,346,33,0.0904,4.1,4250.03,571.9,13.2
f84fa566034f5e8e880a07ec624c56af,SP,100,89,12,0.12,4.1,576.3,207.27,11.47
abe42c5d03695b4257b5c6cbf4e6784e,RJ,49,49,8,0.1633,4.1,2722.0,196.23,14.36
1eade46fba20122dc4aefb379f8c636b,SP,75,58,10,0.1333,4.1,516.81,159.07,12.07
8d956fec2e4337affcb520f56fd8cbfd,SP,227,210,22,0.0969,4.0,1113.17,277.15,9.3
3df020b72d3d44b3af9d110fa3940b65,SP,101,55,12,0.1188,4.0,598.8,192.69,12.83
a6fe7de3d16f6149ffe280349a8535a0,SP,51,50,8,0.1569,4.0,429.2,137.4,14.85
54a1852d1b8f10312c55e906355666ee,SP,202,198,20,0.099,4.0,1668.71,372.65,11.52
4c2b230173bb36f9b240f2b8ac11786e,SP,343,258,31,0.0904,3.9,1336.9,422.21,12.8
522620dcb18a6b31cd7bdf73665113a9,PR,178,172,18,0.1011,3.9,6924.75,595.16,15.23
8b9d6eec4a7eb7d0f9d579ce0b38324d,RJ,52,48,8,0.1538,3.9,672.85,205.96,10.04
5058e8c1e82653974541e83690655b4a,SP,77,62,10,0.1299,3.9,1538.78,362.66,26.44
643214e62b870443ccbe55ab29a4dccf,SP,66,65,9,0.1364,3.8,277.0,157.96,9.54
0dd184061fb0eaa7ca37932c68ab91c5,SP,193,161,19,0.0984,3.7,2119.0,513.06,11.25
a888faf2d1baececa6baf9c3d603ee1f,PR,54,53,8,0.1481,3.7,2153.2,215.22,17.91
432c37c9dfba871172ec162e20118b8c,DF,55,44,8,0.1455,3.7,310.0,148.13,15.7
04308b1ee57b6625f47df1d56f00eedf,SC,92,92,11,0.1196,3.7,6656.9,421.32,18.88
b14db04aa7881970e83ffa9426897925,SP,105,78,12,0.1143,3.7,635.5,285.52,15.62
3c03b12bab54d8b37d79d914bfdb1aa0,RJ,43,37,7,0.1628,3.6,796.56,117.73,13.75
7e3f87d16fb353f408d467e74fbd8014,SP,93,91,11,0.1183,3.6,580.78,177.97,12.56
411f3b52d857390502ee4e4d5ceabc2d,SP,30,21,6,0.2,3.6,292.25,66.99,8.47
23c38debaffe4a25a30fdbd9b586a13f,SP,46,41,7,0.1522,3.4,787.38,177.45,11.56
fffd5413c0700ac820c7069d66d98c89,SP,58,57,8,0.1379,3.4,1275.6,305.39,13.74
d93919c944be9cff128f6c9cb899eacb,SP,33,33,6,0.1818,3.4,569.4,183.13,22.92
3db66a856d18a9cba7c9241fc5221c50,MG,97,94,11,0.1134,3.3,921.9,260.88,15.83
9c0e69c7bf2619675bbadf47b43f655a,SP,200,151,19,0.095,3.2,3165.78,295.66,15.16
e9d99831abad74458942f21e16f33f92,SP,149,130,15,0.1007,3.2,503.67,212.51,12.63
972d0f9cf61b499a4812cf0bfa3ad3c4,SC,86,81,10,0.1163,3.2,909.16,273.08,18.17
b18dc380845b24038cfc48006478f099,SP,48,43,7,0.1458,3.2,1326.34,117.77,13.99
ec8879960bd2221d5c32f8e12f7da711,SP,35,35,6,0.1714,3.2,516.4,153.37,16.5
f46490624488d3ff7ce78613913a7711,SP,87,80,10,0.1149,3.1,534.89,183.77,10.09
ff1fb4c404b2efe68b03350a8dc24122,SP,49,46,7,0.1429,3.1,1463.0,132.99,9.91
dd55f1bb788714a40e7954c3be6df745,SP,37,35,6,0.1622,3.1,1298.05,101.39,18.75
b74d1c09cb380e1d03a6f859c6f4224b,RJ,38,30,6,0.1579,3.0,319.94,128.61,11.47
7681ef142fd2c19048da7430856b5588,SP,76,58,9,0.1184,3.0,3660.0,359.18,10.37
048c2757535328e0d7dac690ad3c0aae,SP,50,50,7,0.14,3.0,1213.3,209.13,18.51
8444e55c1f13cd5c179851e5ca5ebd00,MG,102,92,11,0.1078,2.9,2359.0,202.27,21.29
f262cbc1c910c83959f849465454ddd3,SP,204,189,19,0.0931,2.9,863.3,297.02,8.95
0b35c634521043bf4b47e21547b99ab5,PR,77,50,9,0.1169,2.9,2838.7,173.11,17.42
165fc07beebdcb6190fba8a06db2a449,PR,64,50,8,0.125,2.9,1887.9,244.28,13.49
34056b8b55c1775a22af2331670a799c,SP,77,77,9,0.1169,2.9,761.0,199.35,12.93
3f3486b61f45078d4f31ee5e43d8c5bb,SP,39,39,6,0.1538,2.9,784.68,142.03,13.88
cee48807215b30a12ca2ca10ffb5f250,SP,40,39,6,0.15,2.8,1745.44,203.93,23.41
2089a6d640999f9b9141ac719b2af596,SP,41,41,6,0.1463,2.8,1557.19,91.84,19.53
5b8154610ebb21fb90eb587365e673df,SP,40,37,6,0.15,2.8,1034.94,128.21,13.16
a3e9a2c700480d9bb01fba070ba80a0e,SP,143,129,14,0.0979,2.7,1567.0,261.4,13.15
ef506c96320abeedfb894c34db06f478,SP,332,316,29,0.0873,2.7,930.36,496.75,13.34
aba1721a889e04decc910aa13b768ef4,SP,92,83,10,0.1087,2.7,2351.0,125.05,9.19
f5a590cf36251cf1162ea35bef76fe84,SP,118,113,12,0.1017,2.7,7404.9,522.64,11.82
0ed6ce5d87fd9c69eaacaeb778d67235,SP,42,42,6,0.1429,2.7,393.49,115.57,16.0
955fee9216a65b617aa5c0531780ce60,SP,1472,1261,119,0.0808,2.6,11432.62,2433.96,10.74
2d50d6282f8aa2257819a77bfaa0efe0,SP,43,42,6,0.1395,2.6,426.8,145.86,13.76
42b729f859728f5079499127a9c2ef37,SP,131,103,13,0.0992,2.6,343.19,113.85,7.89
850913d59ce317156b00f3705f1c3edb,SP,30,29,5,0.1667,2.6,347.0,188.86,13.46
3771c85bac139d2344864ede5d9341e3,SP,30,26,5,0.1667,2.6,174.5,80.26,12.77
8931a84a914b3fe9b1ddaa4d704947ca,SP,32,29,5,0.1562,2.5,505.7,52.32,13.05
adcf50477d6a1f5d91bb9d54c4903cb5,MG,31,16,5,0.1613,2.5,94.88,118.24,24.51
7040e82f899a04d1b434b795a43b4617,SP,223,208,20,0.0897,2.4,952.0,328.75,10.24
6fd52c528dcb38be2eea044946b811f8,SP,84,67,9,0.1071,2.4,923.22,141.8,21.19
cac876b37d3abcd6bd76caca30277996,PR,33,27,5,0.1515,2.4,119.5,116.4,12.07
406822777a0b9eb5c50e442dd4cd3ec5,SP,46,44,6,0.1304,2.4,409.4,103.73,13.61
b2ba3715d723d245138f291a6fe42594,SP,350,324,30,0.0857,2.3,3486.0,632.25,13.97
f84a00e60c73a49e7e851c9bdca3a5bb,RJ,97,88,10,0.1031,2.3,448.3,217.65,11.27
4c498c7345e89aebad651544829beca0,SP,47,47,6,0.1277,2.3,551.5,78.76,10.83
e96498ed8daaa3e9c23f7a62da76591c,SP,34,34,5,0.1471,2.3,1279.95,123.31,15.2
f27e33c6d29b5138fa9967bcd445b6d5,SP,98,93,10,0.102,2.3,1244.0,151.31,12.44
0ffa40d54288e4f3499b8780dd0f144f,SP,35,33,5,0.1429,2.2,300.0,96.24,13.46
1da366cade6d8276e7d8beea7af5d4bf,MG,48,42,6,0.125,2.2,1177.6,247.68,17.41
d9bd94811c3338dceb4181f3dbc0c73e,SP,61,54,7,0.1148,2.2,963.16,78.01,7.77
318f287a62ab7ac10b703ac37435a231,SP,61,51,7,0.1148,2.2,390.0,162.9,12.17
8648b1e89e9b349e32d3741b30ec737e,SP,100,93,10,0.1,2.1,748.1,127.42,9.25
d1c281d3ae149232351cd8c8cc885f0d,SP,239,214,21,0.0879,2.1,1785.79,461.34,12.46
4e17c65a516f69d023a2ae78b84f28d6,SP,74,61,8,0.1081,2.1,460.3,132.45,14.78
729f06993dac8e860d4f02d7088ca48a,SP,113,94,11,0.0973,2.1,4204.2,1193.88,10.86
d3f39f05462b79a4562d35893a28f159,SP,37,33,5,0.1351,2.1,359.9,76.06,12.12
070d165398b553f3b4b851c216b8a358,SP,38,31,5,0.1316,2.0,363.95,82.61,11.01
fd386aa7bed2af3c7035c65506c9b4a3,SP,76,69,8,0.1053,2.0,318.32,101.85,8.33
14d7985702e72162bbf13b6beb74ab2b,SP,38,37,5,0.1316,2.0,423.0,69.19,11.15
fe2032dab1a61af8794248c8196565c9,SP,305,293,26,0.0852,1.9,6101.4,406.03,10.6
23d7c96d4a1160db1c726b248601b25a,SP,52,50,6,0.1154,1.9,1854.4,256.15,13.26
de23c3b98a88888289c6f5cc1209054a,SP,178,161,16,0.0899,1.9,2063.6,310.62,10.77
056b4ada5bbc2c50cc7842547dda6b51,RJ,65,64,7,0.1077,1.9,2000.95,160.8,12.71
ececbfcff9804a2d6b40f589df8eef2b,SP,103,97,10,0.0971,1.9,560.76,194.44,13.07
ce248b21cb2adc36282ede306b7660e5,SC,65,64,7,0.1077,1.9,933.39,178.93,15.6
e2aee0892199b1d92530e371abd825bf,PR,39,36,5,0.1282,1.9,499.5,370.09,14.99
78c99c6dff4eeae5be99bf635ed21e3f,SP,39,31,5,0.1282,1.9,169.7,78.8,13.99
11305281b50fff20ae8bb473f8e11876,MG,40,35,5,0.125,1.8,749.86,126.15,14.01
99eaacc9e6046db1c82b163c5f84869f,SP,67,63,7,0.1045,1.7,1697.8,125.35,15.01
527801b552d0077ffd170872eb49683b,SP,92,90,9,0.0978,1.7,1929.1,196.63,13.01
3361277dc30b7cccdb0c286b24219756,PR,42,29,5,0.119,1.7,968.78,75.72,13.87
aac29b1b99776be73c3049939652091d,MG,131,94,12,0.0916,1.6,607.57,249.65,14.37
7ddcbb64b5bc1ef36ca8c151f6ec77df,SP,334,325,28,0.0838,1.6,5741.72,744.11,12.64
dd533b429f380718b70ad9922c294bae,SP,43,39,5,0.1163,1.6,187.6,137.73,16.81
50c9975695009e5e6473912e83a6d1da,MG,68,50,7,0.1029,1.6,465.5,333.55,15.21
3ade81dab5a172b88e1871c28ae05260,SP,30,28,4,0.1333,1.6,710.0,242.4,13.8
238fac594e170b59c6d228f5a4f4f1d9,SP,30,29,4,0.1333,1.6,476.0,246.95,12.48
1a932caad4f9d804097d7f8e615baed1,SP,30,20,4,0.1333,1.6,590.0,97.81,8.81
e38db885400cd35c71dfd162f2c1dbcf,DF,32,30,4,0.125,1.5,259.6,90.45,12.69
6a8b085f816a1f75f92dbac6eb545f8f,SP,133,125,12,0.0902,1.5,582.7,220.77,14.37
f62d7bb4a613ec758a03342d46b580b2,MG,32,32,4,0.125,1.5,3000.0,248.06,13.87
db2956745b3a8e9f3785c99f34b5d25e,SP,46,45,5,0.1087,1.4,950.0,103.82,14.35
8b2492b7ff4468839593fafeed55bad9,RJ,45,29,5,0.1111,1.4,250.81,68.89,14.96
c8467937e403e76a8ee9f0ab13f6f5ef,MG,33,30,4,0.1212,1.4,252.6,77.48,16.68
d673a59aac7a70d8b01e6902bf090a11,SP,84,79,8,0.0952,1.4,519.74,162.87,13.79
70c27847eca8195c983ed7e798c56743,RJ,98,77,9,0.0918,1.3,1230.94,100.8,10.85
1d8dbc4f32378d715c717c1c1fc57bae,PR,97,91,9,0.0928,1.3,1018.6,260.94,15.57
d5ba419e26d246a0719437cf37d9b46d,SP,34,33,4,0.1176,1.3,602.0,52.24,9.78
f0b47fbbc6dee9aafe415a6e33051b3f,SP,85,67,8,0.0941,1.3,319.25,123.78,10.35
1336efc61c316ddf92c899eb817f7cae,SP,85,74,8,0.0941,1.3,437.97,158.65,11.71
d1ef48b38baca7e831711c4a0aeb398f,PR,34,28,4,0.1176,1.3,145.3,106.11,9.79
5343d0649eca2a983820bfe93fc4d17e,SP,110,70,10,0.0909,1.3,1150.04,312.68,11.36
688756f717c462a206ad854c5027a64a,SP,99,81,9,0.0909,1.2,611.97,228.01,10.77
f7ccf836d21b2fb1de37564105216cc1,SP,73,69,7,0.0959,1.2,256.7,119.08,11.04
4a3ccda38b2129705f3fb522db62ca31,SP,73,64,7,0.0959,1.2,513.85,134.06,13.36
382229d1e840115ffe3dbf5ff460e417,RJ,48,45,5,0.1042,1.2,439.59,99.61,8.99
e5a38146df062edaf55c38afa99e42dc,SP,124,120,11,0.0887,1.2,2064.12,247.0,12.23
1caf283236cd69af44cbc09a0a1e7d32,RJ,37,33,4,0.1081,1.1,88.88,62.27,14.05
f181738b150df1f37cb0bd72e705b193,SP,37,36,4,0.1081,1.1,523.8,130.49,9.14
cbd996ad3c1b7dc71fd0e5f5df9087e2,SP,189,160,16,0.0847,1.1,680.77,280.22,12.84
0176f73cc1195f367f7b32db1e5b3aa8,SP,38,37,4,0.1053,1.0,322.6,81.53,13.38
20cb7c2fde3e5bf10f0bbe7394e1c6a9,PR,50,31,5,0.1,1.0,84.5,79.14,12.15
8e8a7ce9f2f970dc00e2acf6f6e199f6,RJ,64,63,6,0.0938,0.9,942.0,82.05,12.2
0cbcee27c791afa0cdcb08587a2013a8,MG,39,37,4,0.1026,0.9,577.0,83.38,12.97
827f8f69dfa529c561901c4f2e0f332f,PR,104,91,9,0.0865,0.8,275.7,130.79,13.23
3340ef1913fb70d28420f6ceb685c339,PR,42,32,4,0.0952,0.7,576.78,80.41,15.51
76d5af76d0271110f9af36c92573f765,SP,155,128,13,0.0839,0.7,3388.35,318.71,11.49
d05ae8f7a5bd1d2a690a44cd079e4e27,RJ,80,77,7,0.0875,0.7,1031.0,109.09,11.24
c847e075301870dd144a116762eaff9a,MG,42,41,4,0.0952,0.7,1759.6,135.05,16.81
6b3bd31ad8fcda4b2635ec9f3ff2ecdf,RJ,42,35,4,0.0952,0.7,363.9,81.77,12.87
e8b4225284fbb02d16f200513f1f395d,SP,30,30,3,0.1,0.6,521.29,152.01,10.22
31da954dc0855f2495c6310f70a2f931,SP,30,29,3,0.1,0.6,897.0,66.95,8.12
b2ac621f0d0322434d04a12b078b9369,PR,30,30,3,0.1,0.6,642.9,80.5,14.67
d71d863e5ef30d94e440c11be17dcd8f,SP,30,23,3,0.1,0.6,2107.0,73.63,19.68
06df0c10d34e459d9672bc77388742eb,PR,30,26,3,0.1,0.6,897.0,65.52,9.7
5d0363b33554b373851fc1622e4d5f3c,SP,94,93,8,0.0851,0.6,435.4,275.26,12.73
e59aa562b9f8076dd550fcddf0e73491,PR,82,69,7,0.0854,0.5,4198.8,193.1,13.71
a420f60ff1aa9acc80d0e42959f2b313,SP,69,67,6,0.087,0.5,711.3,128.03,11.35
3c7c4a49ec3c6550809089c6a2ca9370,SP,158,139,13,0.0823,0.5,294.61,174.75,9.76
951e8cef368f09bb3f3d03c00ca4702c,SP,69,62,6,0.087,0.5,358.94,124.89,9.19
cd6efc47efaabf134f8bdb654e10b4f1,RJ,32,31,3,0.0938,0.5,369.99,44.72,8.5
7b0df942f46435babab05d49b744b2c4,SP,32,32,3,0.0938,0.5,3112.55,80.33,11.09
2745f798279e0ed033addcc1474776d7,SP,32,32,3,0.0938,0.5,358.82,55.84,13.36
3be634553519fb6536a03e1358e9fdc7,SP,95,80,8,0.0842,0.5,346.17,127.1,9.78
1ce3ae5a399804d1a87e706f8a813c3e,SC,44,40,4,0.0909,0.5,269.2,75.97,13.68
02f623a8eb246f3c5f7c2f96462654e6,SP,44,44,4,0.0909,0.5,596.0,93.12,8.48
2bf6a2c1e71bbd29a4ad64e6d3c3629f,RJ,31,30,3,0.0968,0.5,6099.9,89.3,13.37
c70c1b0d8ca86052f45a432a38b73958,SP,336,260,27,0.0804,0.4,2932.68,279.49,7.67
17e34d8224d27a541263c4c64b11a56b,SP,260,247,21,0.0808,0.4,6197.23,521.6,14.04
ce7d1888639e6fb06b2749cbfdac1ff7,MG,84,78,7,0.0833,0.4,1020.0,242.83,14.19
6860153b69cc696d5dcfe1cdaaafcf62,SP,84,74,7,0.0833,0.4,311.81,115.74,10.23
00ee68308b45bc5e2660cd833c3f81cc,SP,172,135,14,0.0814,0.4,2117.0,337.7,9.17
c013e57c075a06e5b5c48ee03c525719,SP,45,42,4,0.0889,0.4,240.96,61.93,9.36
17a053fcb14bd219540cbde0df490be0,SP,148,124,12,0.0811,0.3,3768.8,933.24,11.98
93dc87703c046b603023e75222018b45,MG,34,33,3,0.0882,0.3,426.85,67.99,19.72
6a0cbc8af2e8abd1bdfb777943d174c6,SP,34,34,3,0.0882,0.3,345.0,63.9,15.51
c9aafcd0621b2207c10e32c649cada4d,SP,47,40,4,0.0851,0.3,169.88,35.8,9.01
5c6d4016c2a288f074fa0848a2b653d2,SP,34,31,3,0.0882,0.3,283.8,41.31,11.05
5b179e9e8cc7ab6fd113a46ca584da81,SP,36,34,3,0.0833,0.2,411.8,38.6,12.67
17f51e7198701186712e53a39c564617,SP,61,56,5,0.082,0.2,3800.0,676.91,22.76
e067ad2c1c0b48758eb1b5228bcf7a68,SP,61,54,5,0.082,0.2,431.7,77.0,14.49
99002261c568a84cce14d43fcffb43ea,MT,36,36,3,0.0833,0.2,370.0,100.05,16.84
c8417879a15366a17c30af34c798c332,SP,35,25,3,0.0857,0.2,154.7,55.15,9.49
b4a476fbd28de64b1e347abf9089366a,SP,35,30,3,0.0857,0.2,673.25,63.53,11.86
26d8a1c7c75d513045798992ead43aa2,PR,36,34,3,0.0833,0.2,599.88,63.87,12.48
7142540dd4c91e2237acb7e911c4eba2,SP,328,316,26,0.0793,0.1,4324.32,742.0,14.76
49067458c68f7701fd334ce326accbe0,MG,37,17,3,0.0811,0.1,88.35,50.37,12.06
3ab971ce71839580d2ae5b4e40fe8044,SP,37,35,3,0.0811,0.1,343.0,48.3,6.74
058fd0aa2bfdb2274e05e1ae971dabb6,SP,63,60,5,0.0794,0.0,482.5,98.32,10.22
ef0ace09169ac090589d85746e3e036f,RJ,139,128,11,0.0791,0.0,1299.6,220.18,12.56
bf84056e679dbe9c69929847a40e338f,SP,38,35,3,0.0789,-0.0,150.61,45.5,12.36
6f892e20a171e98efe17fdb971ff319b,SP,50,41,4,0.08,0.0,310.6,98.98,16.76
9646c3513289980f17226a2fc4720dbd,SP,76,69,6,0.0789,-0.0,178.0,138.72,12.62
32b8764b4ef628b53608fc34011fcc13,SC,38,36,3,0.0789,-0.0,623.0,283.01,11.27
bd0389da23d89b726abf911cccc54596,DF,90,87,7,0.0778,-0.1,542.29,190.48,13.49
daeb5653dd96c1b11860f72209795012,MG,39,38,3,0.0769,-0.1,55.7,47.12,11.44
715bbd5ba4e6b74cb0d2f29eb45058b0,SP,64,62,5,0.0781,-0.1,318.8,96.05,11.97
4559697a8f7e637227c2eeaed843baff,SP,39,39,3,0.0769,-0.1,489.8,98.12,12.94
b94cc9f10ddc85e4ba73a6f7974e7101,RJ,39,39,3,0.0769,-0.1,2199.7,80.37,10.58
43f8c9950d11ecd03a0304a49e010da6,SP,41,41,3,0.0732,-0.2,301.97,54.89,11.5
5f1dc28029d2c244352a68107ec2b542,SP,78,62,6,0.0769,-0.2,231.4,63.18,9.36
55a5b51f93f2b70ea513f5a047b0262a,MG,41,39,3,0.0732,-0.2,312.05,69.6,13.73
624f4ece8da4aafb77699233d480f8ef,SP,54,52,4,0.0741,-0.3,696.0,119.97,13.52
e24fc9fcd865784fb25705606fe3dfe7,SP,55,51,4,0.0727,-0.3,528.0,95.06,12.65
994f04b3718c2bab35c2adfa8afecd2a,SP,55,47,4,0.0727,-0.3,314.6,58.57,13.49
004c9cd9d87a3c30c522c48c4fc07416,SP,168,156,13,0.0774,-0.3,1680.81,335.28,14.43
aced59e9b31ef866a94f9e7f29d8d418,SP,67,61,5,0.0746,-0.3,710.0,71.61,9.67
2a7dc43cecabf23403078e2188437d1d,SP,54,52,4,0.0741,-0.3,719.7,97.9,12.96
4c18691b6037662be2df78a765d98ab5,SP,67,63,5,0.0746,-0.3,94.7,77.58,9.12
ffc470761de7d0232558ba5e786e57b7,SP,30,27,2,0.0667,-0.4,169.98,49.44,10.08
2a6fbeaa7ab9e5d59a35841a8da71ce4,SC,30,30,2,0.0667,-0.4,88.9,37.19,14.51
6a8a889bde935bafa76d7848782dfaf9,SP,30,26,2,0.0667,-0.4,60.0,31.02,7.56
dc8798cbf453b7e0f98745e396cc5616,SP,43,35,3,0.0698,-0.4,134.7,53.32,13.69
17306570e772e7718c92a562d33f5f1d,SP,30,27,2,0.0667,-0.4,629.8,157.37,13.96
8e6cc767478edae941d9bd9eb778d77a,MG,108,100,8,0.0741,-0.5,659.18,159.1,16.5
d50d79cb34e38265a8649c383dcffd48,SP,70,70,5,0.0714,-0.5,800.95,144.68,13.16
e06f09ec0a4aca210779cf1cfc63cf19,SP,31,29,2,0.0645,-0.5,838.9,54.62,15.06
4b9750c8ad28220fe6702d4ecb7c898f,SP,221,217,17,0.0769,-0.5,1309.35,305.07,9.41
157c3e4b42f81ac4a44e8b1ca2fe9876,SP,31,23,2,0.0645,-0.5,194.0,33.58,10.38
d4e12e7884759a14fa0f5f896c791cae,SP,32,29,2,0.0625,-0.5,76.7,22.98,8.33
f214d28e8d8e3ef068748498ccc2f813,SP,57,52,4,0.0702,-0.5,101.96,56.15,10.17
e8f6dc8e6a1dcde89d20e3995c8d90b3,SP,44,35,3,0.0682,-0.5,172.7,73.6,12.73
d650b663c3b5f6fb392b6326366efa9a,SP,57,57,4,0.0702,-0.5,1416.0,81.64,9.84
d6b1ce66b035a475f00c017792ff9769,SP,108,92,8,0.0741,-0.5,668.89,134.4,10.17
6a51fc556dab5f766ced6fbc860bc613,SP,31,24,2,0.0645,-0.5,865.8,88.07,15.2
b335c59ab742f751a85db9c411a86739,MG,31,30,2,0.0645,-0.5,142.0,41.16,16.84
5656537e588803a555b8eb41f07a944b,DF,185,171,14,0.0757,-0.6,417.46,254.23,11.42
5f3ae9136c875522250f8184f253413a,SP,45,42,3,0.0667,-0.6,64.3,30.45,7.68
ad420dd0c4f92f8af951ac24b86d0cf5,MG,46,42,3,0.0652,-0.6,489.99,53.49,14.7
1bb2bdb95f4841f1bba2c0d2cd83d3c9,SP,83,79,6,0.0723,-0.6,567.73,77.4,12.31
45d33f715e24d15a6ccf5c17b3a23e3c,SP,58,56,4,0.069,-0.6,303.66,79.76,11.53
3bdff180c7e1f6551a643b99c265a120,SP,58,56,4,0.069,-0.6,323.6,80.6,10.29
276677b5d08786d5dce7c2149dcce48b,MG,45,31,3,0.0667,-0.6,641.7,59.72,11.1
6fc26fe110feebd80a433e1f012a84f9,SP,72,35,5,0.0694,-0.7,295.99,84.07,11.44
729b2d09b2a0bdab221076327f13d050,SP,60,48,4,0.0667,-0.7,107.69,77.21,12.24
c8b0e2b0a7095e5d8219575d5e7e1181,SP,85,84,6,0.0706,-0.7,787.95,96.88,10.06
575df70bde3f9f2b30bf8d2e9910d725,SP,34,27,2,0.0588,-0.7,474.9,44.8,13.31
dfc5fb7259bb2b599ca565e6e9448f0f,SP,34,33,2,0.0588,-0.7,374.98,86.74,14.35
edb1ef5e36e0c8cd84eb3c9b003e486d,RJ,174,165,13,0.0747,-0.8,4487.8,337.71,11.71
4992e76a42cb3aad7a7047e0d3d7e729,SP,73,56,5,0.0685,-0.8,149.5,81.44,8.29
4371b634e0efc0e22b09b52907d9d469,SP,111,101,8,0.0721,-0.8,851.0,140.99,10.74
232a6014e7b10cba61c6c2b2ea6bb4b0,SP,35,32,2,0.0571,-0.8,199.8,42.38,13.64
240b9776d844d37535668549a396af32,RJ,35,35,2,0.0571,-0.8,1178.99,159.04,11.36
ccc4bbb5f32a6ab2b7066a4130f114e3,PR,189,184,14,0.0741,-0.9,4956.3,424.08,15.85
8a130737016f838139d31878787a39c9,SP,62,56,4,0.0645,-0.9,258.4,58.68,10.24
70eea00b476a314817cefde4aad4f89a,SP,112,106,8,0.0714,-0.9,2043.6,268.5,13.33
65febd49fd28ec955651299159b1f527,SP,38,33,2,0.0526,-1.0,194.99,59.64,7.13
63b464dbf392c7b80d12d932fa7cafed,SP,38,36,2,0.0526,-1.0,358.0,48.74,13.19
cb3dd9ce66268c7a3ca7241ac70ab58c,SP,50,48,3,0.06,-1.0,213.79,55.69,13.81
45ba18c210d42734ec52c0c1c574e9ee,SP,38,35,2,0.0526,-1.0,493.88,64.2,7.17
ba90964cff9b9e0e6f32b23b82465f7b,SP,38,38,2,0.0526,-1.0,3198.0,77.18,10.02
5b925e1d006e9476d738aa200751b73b,SP,63,63,4,0.0635,-1.0,476.0,92.4,10.89
9b00ed88b7fdb95d6ff76e27c1b52d16,SP,50,46,3,0.06,-1.0,88.0,44.3,9.05
f4aba7c0bca51484c30ab7bdc34bcdd1,SP,115,108,8,0.0696,-1.1,152.83,83.37,10.89
96493fab2fbb13a14d0c0e8772eef5c3,SP,64,63,4,0.0625,-1.1,1146.0,59.95,13.39
7ea5bfa6c340f58f8e71fc1f0412b0d6,MG,102,96,7,0.0686,-1.1,814.43,107.52,12.74
a17f621c590ea0fab3d5d883e1630ec6,SP,78,63,5,0.0641,-1.2,182.31,69.79,11.66
7202e2ba20579a9bd1acb29e61fe71f6,SP,53,51,3,0.0566,-1.2,644.7,53.0,13.23
834f3294fba9f932f56edc879193f925,SP,66,66,4,0.0606,-1.2,2437.3,309.82,14.3
7a241947449cc45dbfda4f9d0798d9d0,MG,66,56,4,0.0606,-1.2,467.98,118.53,12.76
d1b65fc7debc3361ea86b5f14c68d2e2,SP,40,39,2,0.05,-1.2,509.89,44.69,9.07
6d803cb79cc31c41c4c789a75933b3c7,SP,66,58,4,0.0606,-1.2,384.8,69.19,12.89
1d4587203296c8f4ad134dc286fa6db0,SP,41,40,2,0.0488,-1.2,130.8,26.16,9.53
82e0a475a88cc9595229d8029273f045,SP,79,41,5,0.0633,-1.2,617.8,96.96,15.26
75fbb52eda0cbc24f479d3b2fbfa8d3e,GO,41,38,2,0.0488,-1.2,39.8,33.75,13.9
05d2173d43ea568aa0540eba70d2ca76,MG,66,62,4,0.0606,-1.2,297.33,83.96,14.65
92eb0f42c21942b6552362b9b114707d,SP,358,334,27,0.0754,-1.3,481.52,383.68,13.48
31344c16881c08a8a72c6d2eb29918c1,MG,42,42,2,0.0476,-1.3,469.8,105.62,15.7
3b15288545f8928d3e65a8f949a28291,SP,118,101,8,0.0678,-1.3,995.92,163.26,14.33
66922902710d126a0e7d26b0e3805106,MG,155,150,11,0.071,-1.3,1056.0,227.18,11.39
a2e874074c877c5a05abae80ad6e488f,SP,42,40,2,0.0476,-1.3,427.22,53.85,19.19
b56906f7fd1696e043f1bcce164c487b,SP,42,40,2,0.0476,-1.3,97.49,35.73,13.58
e63e8bfa530fb16910dd6956e592bb81,SP,42,41,2,0.0476,-1.3,57.8,25.09,9.34
83deb69e889cf80f82be1dc6d5f2d486,SC,42,40,2,0.0476,-1.3,364.8,35.09,15.74
5b67882648febfb6e1225e6ad7164f6b,PR,30,27,1,0.0333,-1.4,80.99,18.14,12.25
8a432f4e5b471f8da497d7dc517666e2,SP,106,95,7,0.066,-1.4,411.0,131.26,7.96
1464afc72f696af775557a821c2e253f,RJ,30,29,1,0.0333,-1.4,42.9,15.1,11.26
4bf2f4ee540798a61f9636d12cd9cc80,SP,30,29,1,0.0333,-1.4,183.0,17.72,13.48
2199e7fe213c16213bf5d6a7eadc9a5d,SP,30,24,1,0.0333,-1.4,76.9,17.79,11.15
8f119a0aee85c0c8fc534629734e94fd,SP,81,75,5,0.0617,-1.4,188.79,67.43,9.9
9de4643a8dbde634fe55621059d92273,SC,81,72,5,0.0617,-1.4,1177.95,115.86,15.0
974cf2cb8f4b7add98709c30df02fe10,SP,30,30,1,0.0333,-1.4,79.99,27.1,11.27
2ff97219cb8622eaf3cd89b7d9c09824,SP,94,87,6,0.0638,-1.4,312.6,107.08,8.79
02f5837340d7eb4f653d676c7256523a,PR,30,30,1,0.0333,-1.4,125.99,75.46,9.66
cc3d14116804f7209f3884f6367f1152,PR,30,27,1,0.0333,-1.4,193.0,23.67,13.04
09f952a5f58d2285b0372551ae8f9b01,SP,56,50,3,0.0536,-1.4,472.0,54.4,13.15
3586b8580d9c917874e053a1bb37b5ff,SP,43,36,2,0.0465,-1.4,59.8,50.38,14.06
0bb738e4d789e63e2267697c42d35a2d,SP,30,29,1,0.0333,-1.4,59.9,27.15,11.94
f00e21b1e91a79653163b7fd8f293ff1,SP,31,31,1,0.0323,-1.5,63.9,16.89,12.97
1b938a7ec6ac5061a66a3766e0e75f90,SP,31,29,1,0.0323,-1.5,64.9,25.29,11.38
30829ded4523ab9224b93bc49a62c95f,RS,31,18,1,0.0323,-1.5,615.52,57.98,10.49
33576ec5412fb5905d876f12f33bfde6,PR,32,31,1,0.0312,-1.5,89.0,27.68,14.65
72c5da29406b4234927b81855e7b64f6,SP,31,31,1,0.0323,-1.5,299.99,14.0,10.8
95ec4458365c4d11f452ccf538377619,SP,31,27,1,0.0323,-1.5,47.33,9.08,5.76
4917cee8d902e13428c3ec4b1ca6f315,SC,31,31,1,0.0323,-1.5,145.0,35.53,18.08
fad44952713764836814be105382aee5,RJ,32,32,1,0.0312,-1.5,180.0,8.68,10.79
5d3bb11474a06bdc23fb9e89f1164ee0,SP,32,31,1,0.0312,-1.5,89.8,19.6,9.75
c66dccfb3f109511246da627dd5a2498,SP,44,44,2,0.0455,-1.5,336.9,51.49,11.35
4ebdc7e6cd6102a022dadc49156d4ea8,SP,32,29,1,0.0312,-1.5,34.0,8.72,10.18
48436dade18ac8b2bce089ec2a041202,SP,147,134,10,0.068,-1.6,703.5,232.8,14.15
f45122a9ab94eb4f3f8953578bc0c560,SP,197,184,14,0.0711,-1.6,1231.42,271.47,12.49
0509040ea3fe50071181bbc359eb7738,MG,96,87,6,0.0625,-1.6,195.9,99.79,11.38
3c487ae8f8d7542beff5788e2e0aea83,DF,33,30,1,0.0303,-1.6,289.9,35.83,13.41
4e06067cc08b3f41d837768d392c3ee3,MG,46,31,2,0.0435,-1.6,59.98,38.08,9.79
b32be1695eb7ec5f10f72d9610a12527,RS,45,44,2,0.0444,-1.6,1697.0,220.18,12.32
2b1a40c1daabc6ca280c4b815c101841,MG,33,22,1,0.0303,-1.6,399.0,39.19,13.91
6061155addc1e54b4cfb51c1c2a32ad8,SP,33,28,1,0.0303,-1.6,1240.0,51.39,5.79
a7f13822ceb966b076af67121f87b063,SP,84,73,5,0.0595,-1.6,798.81,303.1,22.16
d9a84e1403de8da0c3aa531d6d108ba6,SP,58,53,3,0.0517,-1.6,93.7,62.79,7.47
dc317f341ab0e22f39acbd9dbf9b4a1f,RS,58,55,3,0.0517,-1.6,566.7,163.38,12.16
afe0067131b73e40875c9b6c10bd2e21,MG,45,45,2,0.0444,-1.6,229.8,58.28,15.47
381c83fdca332ea6afd896da20bf6e4a,PR,46,46,2,0.0435,-1.6,194.0,50.13,12.69
ea67327e24487bdfac5fbfa37ea124df,SP,34,32,1,0.0294,-1.7,139.99,41.96,8.65
18e694e0e48ed6f7aa3f24aade5fd697,SP,34,31,1,0.0294,-1.7,23.9,37.08,6.08
81a1104df0f08b59c68aa5b03cfe398e,PR,72,72,4,0.0556,-1.7,1499.6,220.09,12.83
6b90f847357d8981edd79a1eb1bf0acb,SP,47,45,2,0.0426,-1.7,109.89,17.09,5.48
08633c14ef2db992c11f840f04fad4cd,SP,97,74,6,0.0619,-1.7,527.2,114.66,10.11
05ff92fedb5be47920fea08e501238b9,RS,60,57,3,0.05,-1.7,1329.06,107.03,12.25
640e21a7d01df7614a3b4923e990d40c,SP,136,115,9,0.0662,-1.8,425.29,146.52,10.45
6d66611d7c44cc30ce351abc49a68421,SP,174,164,12,0.069,-1.8,1420.8,297.34,12.12
b839e41795b7f3ad94cc2014a52f6796,SP,36,33,1,0.0278,-1.8,799.0,25.08,6.92
dbd66278cbfe1aa1000f90a217ca4695,SP,99,85,6,0.0606,-1.8,208.2,87.76,9.06
fdb9095204a334cd8872252ffec6f2db,SP,61,46,3,0.0492,-1.8,338.0,44.68,8.87
3078096983cf766a32a06257648502d1,SP,61,56,3,0.0492,-1.8,989.97,68.98,12.08
c8b3445d737de6befde0c88ede534a5e,SP,36,30,1,0.0278,-1.8,119.99,13.39,11.38
116ccb1a1604bc88e4d234a8c23f33de,SP,73,61,4,0.0548,-1.8,66.7,56.2,8.78
870d0118f7a9d85960f29ad89d5d989a,MG,61,45,3,0.0492,-1.8,120.7,61.13,14.93
fde0cc9ea29c8ccfc0a2c22256a58c71,PR,35,35,1,0.0286,-1.8,99.0,24.82,8.71
5f2684dab12e59f83bef73ae57724e45,SP,73,67,4,0.0548,-1.8,579.6,65.79,10.28
b39d7fe263ef469605dbb32608aee0af,SP,48,43,2,0.0417,-1.8,364.8,50.11,13.3
3c4e0452bff7a2a788179488d3d77032,PR,36,32,1,0.0278,-1.8,119.9,16.28,13.53
8bd0f31cf0a614c658f6763bd02dea69,SP,35,33,1,0.0286,-1.8,37.99,11.73,10.12
113e3a788b935f48aad63e1c41dac1bd,SP,48,39,2,0.0417,-1.8,44.88,38.43,12.04
1771297ac436903d1dd6b0e9279aa505,SP,36,28,1,0.0278,-1.8,28.18,12.69,9.42
e333046ce6517bd8bb510291d44f0130,SP,74,68,4,0.0541,-1.9,250.0,84.01,10.0
f80edd2c5aaa505cc4b0a3b219abf4b8,SP,125,116,8,0.064,-1.9,592.2,183.74,12.15
59fb871bf6f4522a87ba567b42dafecf,SP,125,123,8,0.064,-1.9,1458.92,155.32,12.08
f789d2c4f2c2eb38fc4373e7a4b35264,MG,49,44,2,0.0408,-1.9,189.98,37.01,10.9
a3dd39f583bc80bd8c5901c95878921e,BA,37,34,1,0.027,-1.9,119.9,36.16,12.53
abcd2cb37d46c2c8fb1bf071c859fc5b,MT,51,44,2,0.0392,-2.0,356.7,58.88,13.68
7d456afc660226829370f3173d14520c,SP,89,55,5,0.0562,-2.0,391.0,79.62,9.03
594f9aaa48e5bf431f011ddc5669b0d5,MG,38,37,1,0.0263,-2.0,44.9,16.5,7.88
e0a366315b1b726b6c7832d664c0f530,SP,51,43,2,0.0392,-2.0,206.8,31.77,7.46
bacb1f0ed56ad24198f5810d2b3fe9a5,SP,38,38,1,0.0263,-2.0,161.9,8.88,9.78
25cf099de44674fde97473224f9d59ab,SP,50,50,2,0.04,-2.0,45.0,36.54,9.39
31561f325664a8a7aba4c8d0c3a9b3db,SP,38,36,1,0.0263,-2.0,49.9,7.61,7.35
5160d23075764e18e07c1f4a87fad743,SP,38,33,1,0.0263,-2.0,75.0,7.78,9.39
4b5f66b7adcf57f1ecc0d3c07dd6b177,PR,38,23,1,0.0263,-2.0,172.5,38.76,13.6
cc5a78bbad32776dc4e3af205218368c,MG,38,33,1,0.0263,-2.0,55.23,22.97,7.64
7dc8c42cc750eeafea6c85712ffee9bf,SP,50,41,2,0.04,-2.0,319.98,53.88,8.66
1554a68530182680ad5c8b042c3ab563,MG,267,246,19,0.0712,-2.1,1998.28,499.47,14.08
01cf7e3d21494c41fb86034f2e714fa1,PR,65,59,3,0.0462,-2.1,1083.16,195.23,11.57
1b4c3a6f53068f0b6944d2d005c9fc89,SC,115,111,7,0.0609,-2.1,886.68,221.57,14.34
cd06602b43d8800bd0afad514919d35c,SP,52,43,2,0.0385,-2.1,25.9,28.63,11.96
1127b7f2594683f2510f1c2c834a486b,SP,128,110,8,0.0625,-2.1,588.25,146.9,10.25
1838dd9b8977065acf51d95e0053ea7a,MG,65,62,3,0.0462,-2.1,118.7,83.49,12.56
1f9ab4708f3056ede07124aad39a2554,SP,77,76,4,0.0519,-2.1,684.6,162.12,14.57
d23019c84ffae2d5ef2270367b8605fc,PR,39,39,1,0.0256,-2.1,1997.0,63.2,11.28
cce6ab8d1682639fe45ab70234f1665f,SP,64,61,3,0.0469,-2.1,120.0,52.8,15.46
42bde9fef835393bb8a8849cb6b7f245,DF,39,34,1,0.0256,-2.1,619.0,59.85,9.83
95f83f51203c626648c875dd41874c7f,MG,65,50,3,0.0462,-2.1,169.79,65.57,11.1
96804ea39d96eb908e7c3afdb671bb9e,MG,39,37,1,0.0256,-2.1,109.95,17.21,13.42
01fd077212124329bac32490e8ef80d9,SP,39,31,1,0.0256,-2.1,17.0,18.23,7.99
2e1c9f22be269ef4643f826c9e650a52,SP,167,161,11,0.0659,-2.2,955.39,171.47,9.72
0691148aee60ca47977c187804f935ae,PR,53,47,2,0.0377,-2.2,144.46,29.18,13.01
ed4acab38528488b65a9a9c603ff024a,SP,40,32,1,0.025,-2.2,178.99,15.0,9.19
b6d44737c043328708f6749c2dbe50bd,SP,79,61,4,0.0506,-2.2,271.9,66.23,7.91
66dc1b1632bd6a3e508510c5b3492107,SP,41,36,1,0.0244,-2.2,139.9,15.73,10.44
4bfc7a4a1cf8d4d2121c27422d9e50b5,SP,40,26,1,0.025,-2.2,150.0,22.13,8.03
b410bdd36d5db7a65dcd42b7ead933b8,GO,42,42,1,0.0238,-2.3,179.0,22.99,9.2
20d83f3ef0e6925fd74bfd59170babf7,SP,54,40,2,0.037,-2.3,109.8,22.56,8.52
01fdefa7697d26ad920e9e0346d4bd1b,PR,130,128,8,0.0615,-2.3,822.29,208.04,10.75
2dee2ce60de9709b1a24083217181a1f,MT,55,54,2,0.0364,-2.3,286.0,38.56,14.45
4200ddf1967c5e41e48db62bc6d4b5ac,SP,42,22,1,0.0238,-2.3,16.9,21.15,8.98
6c177e38df6d3f34182b1f1d427231bf,PR,54,53,2,0.037,-2.3,447.0,58.91,14.3
8cbac7e12637ed9cffa18c7875207478,SC,81,66,4,0.0494,-2.4,145.0,103.79,13.54
6481e96574816ead57975da2c0f6d80d,SP,43,32,1,0.0233,-2.4,60.0,32.78,7.34
dee656f0f566ed1aa85bd137c943f08f,SP,94,92,5,0.0532,-2.4,248.59,94.09,12.48
5a93f3ab0ef4c84ed5e1b5dbf23978bc,SP,43,38,1,0.0233,-2.4,116.91,15.57,15.05
bf3c6d2a28b2b5501e6c15448982dcc9,SP,43,35,1,0.0233,-2.4,129.9,29.31,10.61
7f7b8245c336066a1f9933c359f11d77,SP,43,38,1,0.0233,-2.4,39.9,50.85,7.92
750303a20e9c56b2a6bc45cdce0b897d,GO,56,53,2,0.0357,-2.4,57.8,36.52,13.66
3f995f07c49d0d55a99d5c54957f7d81,SP,43,43,1,0.0233,-2.4,79.0,15.3,9.59
9add47bf45ce8e8c7db6b9cf670b1e09,PR,43,41,1,0.0233,-2.4,49.3,38.14,12.26
e9511df20ccd82658a30c37b7fb343af,SP,30,22,0,0.0,-2.4,0.0,0.0,9.66
f326006815956455b2859abd58fe7e39,SP,30,9,0,0.0,-2.4,0.0,0.0,15.52
516e7738bd8f735ac19a010ee5450d8d,RJ,82,74,4,0.0488,-2.5,514.0,55.59,8.78
d66c305afaec317ebee552073a674429,MG,44,38,1,0.0227,-2.5,97.99,17.43,10.06
817245bcc3badd82bbd222e0366951a6,SP,44,28,1,0.0227,-2.5,169.9,26.47,11.01
9baf5cb77970f539089d09a38bcec5c3,SP,32,31,0,0.0,-2.5,0.0,0.0,14.81
f67efa3f0b6761102a7f8c6b7b571f5d,PR,32,31,0,0.0,-2.5,0.0,0.0,9.83
40d54b51e962dbe09cabbcfd33298dee,SP,31,30,0,0.0,-2.5,0.0,0.0,7.22
0ebd97a106433a45a4aebe57c1799778,MG,32,31,0,0.0,-2.5,0.0,0.0,9.26
916748bc99315c2d202898ae58b1617e,SP,32,25,0,0.0,-2.5,0.0,0.0,10.4
c864036feaab8c1659f65ea4faebe1da,PR,58,58,2,0.0345,-2.6,319.8,46.7,12.28
58f1a6197ed863543e0136bdedb3fce2,MG,45,44,1,0.0222,-2.6,169.0,31.45,10.39
138dbe45fc62f1e244378131a6801526,SP,58,49,2,0.0345,-2.6,55.8,27.32,6.21
5debea795b07621e1f90532e18f96145,PR,33,25,0,0.0,-2.6,0.0,0.0,10.31
376a891762bbdecbc02b4b6adec3fdda,GO,58,57,2,0.0345,-2.6,127.0,44.19,12.12
bccf933e006e9b94a6184af782963e77,SP,46,45,1,0.0217,-2.6,49.39,16.11,11.58
94e93ce877be27a515118dbfd2c2be41,SP,34,29,0,0.0,-2.7,0.0,0.0,13.38
c6bda72e4dbf5c5866b13cb1810c6d03,SP,59,59,2,0.0339,-2.7,219.8,42.34,10.21
062ce95fa2ad4dfaedfc79260130565f,RS,59,54,2,0.0339,-2.7,231.8,47.65,13.34
dd2bdf855a9172734fbc3744021ae9b9,MG,110,105,6,0.0545,-2.7,499.4,111.22,15.25
3d8fa2f5b647373c8620330c4e077a9f,SP,47,42,1,0.0213,-2.7,69.99,19.46,9.32
066a6914e1ebf3ea95a216c73a986b91,PR,72,66,3,0.0417,-2.7,182.3,120.97,14.17
b8bc237ba3788b23da09c0f1f3a3288c,SC,47,45,1,0.0213,-2.7,289.0,46.48,11.92
e8b3a3a38279a82f0e5d006d5e5b7d2c,PR,85,80,4,0.0471,-2.7,573.6,94.13,16.89
33a17d60c64393351ebf1ef860f4e0f2,RS,47,43,1,0.0213,-2.7,169.97,16.07,10.58
48efc9d94a9834137efd9ea76b065a38,PR,34,33,0,0.0,-2.7,0.0,0.0,10.83
0be8ff43f22e456b4e0371b2245e4d01,SP,175,156,11,0.0629,-2.8,608.9,219.46,10.34
4c03b9dd4c11ee2cb35c96c49efc9420,SP,48,48,1,0.0208,-2.8,55.5,12.73,10.53
c003204e1ab016dfa150abc119207b24,SP,200,195,13,0.065,-2.8,1612.7,267.13,9.69
0c7533c71df861ec58ad7ff999ed0e8d,SP,73,61,3,0.0411,-2.8,105.1,45.59,10.6
4830e40640734fc1c52cd21127c341d4,SP,212,204,14,0.066,-2.8,671.91,286.75,9.94
e49c26c3edfa46d227d5121a6b6e4d37,PE,35,34,0,0.0,-2.8,0.0,0.0,11.65
d566c37fa119d5e66c4e9052e83ee4ea,SP,73,65,3,0.0411,-2.8,137.7,30.27,5.83
c68fb906c8f4b4b946d8386bfa6e5467,SP,48,45,1,0.0208,-2.8,69.88,14.58,11.16
701938c450705b8ae65fc923b70f35c7,SP,111,74,6,0.0541,-2.8,641.82,214.48,12.52
33ac3e28642ab8bda860a2f693000e78,SP,35,34,0,0.0,-2.8,0.0,0.0,8.66
73a63f72308aa20a46f4b1632018f196,PR,35,27,0,0.0,-2.8,0.0,0.0,11.39
670c26e0f1bf8d0576271d5cfaec6d2b,PR,86,77,4,0.0465,-2.8,287.3,126.75,13.74
bd23da7354813347129d751591d1a6e2,SP,87,86,4,0.046,-2.9,559.6,91.97,9.83
efcd8d2104f1a05d028af7bad20d974b,SP,50,46,1,0.02,-3.0,39.99,16.79,10.23
d57e18d5f73c7ccb7f7339b61166898d,SP,63,61,2,0.0317,-3.0,86.8,24.84,9.04
94144541854e298c2d976cb893b81343,RS,76,68,3,0.0395,-3.0,614.7,46.05,12.35
14a08204d03bb6b6bde8029f801ae0eb,SP,38,28,0,0.0,-3.0,0.0,0.0,8.63
b1ac6ea7895bc3dd6f0f6f4abbdd2821,RS,38,38,0,0.0,-3.0,0.0,0.0,10.18
4e7c18b98d84e05cbae3ff0ff03846c2,SP,88,81,4,0.0455,-3.0,470.0,155.22,12.09
5cbbd5a299cab112b7bf23862255e43e,PR,38,36,0,0.0,-3.0,0.0,0.0,10.79
e7d5b006eb624f13074497221eb37807,SP,63,28,2,0.0317,-3.0,255.8,37.56,10.95
bb135baca94c82fcb731335ad5b04a03,SP,38,18,0,0.0,-3.0,0.0,0.0,8.0
bfd27a966d91cfaafdb25d076585f0da,SP,115,114,6,0.0522,-3.1,1170.0,111.11,12.37
850f4f8af5ea87287ac68de36e29107f,SP,191,186,12,0.0628,-3.1,2031.96,212.31,10.14
18a349e75d307f4b4cc646a691ed4216,SP,128,109,7,0.0547,-3.1,287.79,97.81,11.07
9e6229250fedbe05838fef417b74e7fb,SP,77,73,3,0.039,-3.1,519.7,50.88,11.89
79ebd9a61bac3eaf882805ed4ecfa12a,PR,140,133,8,0.0571,-3.1,874.2,187.87,15.33
25e6ffe976bd75618accfe16cefcbd0d,SP,115,106,6,0.0522,-3.1,550.73,108.0,9.98
272f092de69afedd4d2969440b37f18f,SP,39,25,0,0.0,-3.1,0.0,0.0,9.35
dc4a0fc896dc34b0d5bfec8438291c80,SP,242,225,16,0.0661,-3.1,1574.34,301.86,13.81
f7720c4fa8e3aba4546301ab80ea1f1b,PR,77,59,3,0.039,-3.1,92.75,61.22,9.92
b90e891671cffd9557f33a97dc523645,PR,39,34,0,0.0,-3.1,0.0,0.0,7.58
f457c46070d02cadd8a68551231220dd,PR,230,195,15,0.0652,-3.2,1220.1,241.41,14.45
34d1ca11b242c0fee2c834ae8d788566,MG,41,40,0,0.0,-3.2,0.0,0.0,13.13
5a8e7d5003a1f221f9e1d6e411de7c23,SP,179,137,11,0.0615,-3.2,608.9,143.16,10.47
bba74270a87732727b5a3b4fd9ac1c39,MG,40,35,0,0.0,-3.2,0.0,0.0,9.28
b1a81260566c1bac3114a6d124413f27,RS,54,51,1,0.0185,-3.3,199.9,24.39,8.56
a5cba26a62b8b4d0145b68b841e62e7f,PR,54,53,1,0.0185,-3.3,279.0,23.66,13.2
bd4889b5e9133b35b66e42a8665cea5c,SP,42,36,0,0.0,-3.3,0.0,0.0,10.21
966cb4760537b1404caedd472cc610a5,SP,67,67,2,0.0299,-3.3,1387.0,30.9,10.04
83e197e95a1bbabc8c75e883ed016c47,RJ,54,46,1,0.0185,-3.3,119.5,23.39,10.49
f680f85bee2d253556ac91be391d2c82,SP,54,45,1,0.0185,-3.3,34.99,8.29,10.35
0ef83d7d83ed97cd2a0049ac8be5f88a,PR,55,48,1,0.0182,-3.3,129.46,27.97,9.62
8a32e327fe2c1b3511609d81aaf9f042,SP,169,126,10,0.0592,-3.4,222.9,123.21,9.1
e9779976487b77c6d4ac45f75ec7afe9,SP,738,645,55,0.0745,-3.4,3108.73,849.03,9.85
718539d38d07dd351c76db862760e2e2,SP,43,35,0,0.0,-3.4,0.0,0.0,7.96
2a5b78b41cd05baeac8df54c6606b92c,MG,56,46,1,0.0179,-3.4,157.5,17.54,9.34
fcb5ace8bcc92f75707dc0f01a27d269,SP,70,59,2,0.0286,-3.5,256.85,25.33,10.43
537eb890efff034a88679788b647c564,RJ,171,158,10,0.0585,-3.5,267.0,115.96,9.12
6338ea67c41078a46ad99cc009654956,RS,44,37,0,0.0,-3.5,0.0,0.0,13.2
acce39e832338debb07b02385cde5967,MG,44,44,0,0.0,-3.5,0.0,0.0,7.05
b92e3c8f9738272ff7c59e111e108d7c,MG,70,62,2,0.0286,-3.5,279.8,51.62,16.31
76d64c4aca3a7baf218bf93ef7fa768d,PR,69,64,2,0.029,-3.5,469.9,155.79,10.72
91f848e9f4be368f4318775aac733370,SP,70,60,2,0.0286,-3.5,124.89,21.9,10.34
325f3178fb58e2a9778334621eecdbf9,SP,46,36,0,0.0,-3.6,0.0,0.0,6.28
0adac9fbd9a2b63cccaac4f8756c1ca8,SP,134,106,7,0.0522,-3.6,998.8,145.34,12.78
282f23a9769b2690c5dda22e316f9941,MG,109,98,5,0.0459,-3.6,852.86,94.17,11.21
7b07b3c7487f0ea825fc6df75abd658b,SP,96,91,4,0.0417,-3.6,589.72,71.21,9.45
eeb6de78f79159600292e314a77cbd18,SC,83,82,3,0.0361,-3.6,5047.0,184.3,12.11
ebd2d60905fb58271facef5596b620d3,SP,85,82,3,0.0353,-3.7,303.8,73.69,12.88
80e6699fe29150b372a0c8a1ebf7dcc8,PR,98,96,4,0.0408,-3.7,353.7,168.44,11.49
1b8356dabde1d35e17cef975c3f82730,SP,60,55,1,0.0167,-3.7,59.99,15.18,10.26
9d4db00d65d7760644ac0c14edb5fd86,SP,99,97,4,0.0404,-3.8,332.58,69.82,8.07
dfa0c4c6229ab200a4a1336b4d7128ff,SC,86,77,3,0.0349,-3.8,201.9,58.07,9.64
520b493b57809f446cb0a233bb3e25c7,SP,73,63,2,0.0274,-3.8,113.0,30.19,7.38
0432ead42b6c8a0bdf68154add917fdf,SP,87,82,3,0.0345,-3.9,429.7,39.41,8.86
30a2f535bb48308f991d0b9ad4a8c4bb,SP,87,71,3,0.0345,-3.9,154.7,67.76,8.41
6b243f80ed07b10f0e8aa0f21a205f3c,PR,89,79,3,0.0337,-4.0,274.7,65.88,11.02
aae3bfea055532c57fb453ed3ec80b30,SP,50,48,0,0.0,-4.0,0.0,0.0,12.44
2528513dd95219a6013d4d05176e391a,SP,166,160,9,0.0542,-4.1,1944.0,219.86,10.57
81f89e42267213cb94da7ddc301651da,SP,52,46,0,0.0,-4.1,0.0,0.0,7.64
8ae520247981aa06bc94abddf5f46d34,SC,65,65,1,0.0154,-4.1,178.0,17.69,10.98
c33847515fa6305ce6feb1e818569f13,SC,128,114,6,0.0469,-4.1,754.0,246.03,9.56
3504c0cb71d7fa48d967e0e4c94d59d9,SP,53,53,0,0.0,-4.2,0.0,0.0,7.33
3bb548e3cb7f70f28e3f11ee9dce0e59,PR,53,46,0,0.0,-4.2,0.0,0.0,10.68
ceaec5548eefc6e23e6607c5435102e7,SP,206,198,12,0.0583,-4.3,2749.94,406.81,12.92
709e16e2b25c7474d980076c6bfc4806,SP,80,60,2,0.025,-4.3,80.8,30.2,10.46
6df688df543f90e9b38f4319e75a9d88,MG,55,39,0,0.0,-4.3,0.0,0.0,8.29
dbb9b48c841a0e39e21f98e1a6b2ec3e,SP,118,108,5,0.0424,-4.3,329.77,110.38,9.95
cb8bcce248bb1fb274ba762d8b971456,MG,67,66,1,0.0149,-4.3,149.9,26.33,12.57
2b3e4a2a3ea8e01938cabda2a3e5cc79,SP,54,52,0,0.0,-4.3,0.0,0.0,8.7
4da0e408c99d2fdc2126dc9fce518060,PR,54,44,0,0.0,-4.3,0.0,0.0,9.16
eed78ac17f7f795a19a709745f00cd4e,SP,56,22,0,0.0,-4.4,0.0,0.0,9.83
aafe36600ce604f205b86b5084d3d767,SC,131,129,6,0.0458,-4.4,455.4,124.01,12.44
751bdc4d83a466c7206cd42e8f426b03,SP,68,51,1,0.0147,-4.4,79.99,7.81,11.12
1a3df491d1c4f1589fc2b934ada68bf2,SC,171,160,9,0.0526,-4.5,1071.3,210.17,15.04
9674754b5a0cb32b638cec001178f799,SP,95,84,3,0.0316,-4.5,189.42,48.6,7.95
41b39e28db005d9731d9d485a83b4c38,SP,223,187,13,0.0583,-4.6,879.9,263.12,12.49
ff063b022a9a0aab91bad2c9088760b7,SP,96,94,3,0.0312,-4.6,322.5,59.15,9.4
582d4f8675b945722eda7c0cb61ba4c7,SP,71,59,1,0.0141,-4.6,45.49,24.84,10.59
080199a181c46c657dc5aa235411be3b,SP,83,79,2,0.0241,-4.6,299.98,30.73,8.11
d94a40fd42351c259927028d163af842,MG,109,100,4,0.0367,-4.6,516.0,130.03,13.69
e882b2a25a10b9c057cc49695f222c19,RJ,58,57,0,0.0,-4.6,0.0,0.0,9.46
00fc707aaaad2d31347cf883cd2dfe10,PR,135,103,6,0.0444,-4.7,664.0,145.22,15.77
fa1a9dec3a9940c072684a46728bf1fc,SC,60,55,0,0.0,-4.7,0.0,0.0,14.59
710e3548e02bc1d2831dfc4f1b5b14d4,PR,137,131,6,0.0438,-4.8,1135.94,129.99,14.31
5c243662ce92d84573bfaff24c3e3700,SP,100,98,3,0.03,-4.9,1009.97,45.92,10.81
44073f8b7e41514de3b7815dd0237f4f,DF,151,142,7,0.0464,-4.9,682.6,116.04,13.17
25c5c91f63607446a97b143d2d535d31,MG,266,156,16,0.0602,-5.0,4495.0,575.0,13.93
1e8b33f18b4f7598d87f5cbee2282cc2,SP,139,122,6,0.0432,-5.0,843.49,131.42,7.79
ac3508719a1d8f5b7614b798f70af136,RS,101,101,3,0.0297,-5.0,409.5,57.48,9.46
48162d548f5b1b11b9d29d1e01f75a61,SP,89,66,2,0.0225,-5.0,270.9,30.82,11.22
febab0275244b9a49a623f0bd613ca2f,SP,126,106,5,0.0397,-5.0,497.49,152.99,8.17
cc63f0dd2acba93ffed4fe9f8e0321fa,SP,63,55,0,0.0,-5.0,0.0,0.0,9.02
d921b68bf747894be13a97ae52b0f386,MG,77,77,1,0.013,-5.1,369.0,24.29,9.98
6edacfd9f9074789dad6d62ba7950b9c,SP,216,205,12,0.0556,-5.1,849.8,161.15,9.05
080102cd0a76b09e0dcf55fcacc60e05,MG,128,122,5,0.0391,-5.1,248.01,72.6,9.72
57e632711dec9ec14ca7546769483e7e,SC,65,62,0,0.0,-5.1,0.0,0.0,10.78
9d5a9018aee56acb367ba9c3f05d1d6a,GO,78,66,1,0.0128,-5.2,112.33,25.34,14.43
36a968b544695394e4e9d7572688598f,SP,156,148,7,0.0449,-5.3,454.3,83.3,10.73
06e5eefc71ec47ae763c5c6f8db7064f,RS,93,90,2,0.0215,-5.4,679.92,86.98,10.97
9b013e03b2ab786505a1d3b5c0756754,SP,220,170,12,0.0545,-5.4,717.74,178.43,8.0
0241d4d5d36f10f80c644447315af0bd,PR,246,238,14,0.0569,-5.5,1684.3,410.66,10.94
001cca7ae9ae17fb1caed9dfb1094831,ES,234,195,13,0.0556,-5.5,1377.9,529.96,13.1
db4350fd57ae30082dec7acbaacc17f9,SP,145,136,6,0.0414,-5.5,138.85,114.36,10.87
b372ee768ed69e46ca8cdbd267aa7a38,SP,69,63,0,0.0,-5.5,0.0,0.0,12.32
8bb48dc19fccaa8613b6229bf7f452a2,SP,95,82,2,0.0211,-5.5,62.4,38.03,11.17
744dac408745240a2c2528fb1b6028f3,PR,83,78,1,0.012,-5.6,199.0,51.89,11.14
0db783cfcd3b73998abc6e10e59a102f,SP,137,132,5,0.0365,-5.8,270.7,102.55,11.66
aaed1309374718fdd995ee4c58c9dfcd,SC,111,104,3,0.027,-5.8,295.0,48.52,12.2
7008613ea464bad5cb9b83456e1e6a8f,SC,152,123,6,0.0395,-6.0,234.0,116.73,14.1
98dac6635aee4995d501a3972e047414,SP,190,89,9,0.0474,-6.0,312.31,118.57,8.5
0df3984f9dfb3d49ac6366acbd3bbb85,MG,88,86,1,0.0114,-6.0,179.9,15.01,9.61
0c8380b62e38e8a1e6adbeba7eb9688c,MG,218,180,11,0.0505,-6.2,988.3,294.3,12.58
1c129092bf23f28a5930387c980c0dfc,SP,219,200,11,0.0502,-6.3,446.3,159.35,11.59
813348c996469b40f2e028d5429d3495,SP,195,172,9,0.0462,-6.4,488.5,208.3,10.2
725c32fa80c2faacc4fc88450d27314e,SP,93,89,1,0.0108,-6.4,39.98,11.74,9.48
fa40cc5b934574b62717c68f3d678b6d,SP,337,304,20,0.0593,-6.6,928.25,308.35,11.2
612170e34b97004b3ba37eae81836b4c,RS,110,107,2,0.0182,-6.7,353.8,37.55,10.9
d12c926d74ceff0a90a21184466ce161,SP,97,76,1,0.0103,-6.7,44.9,15.79,8.55
530ec6109d11eaaf87999465c6afee01,PR,101,94,1,0.0099,-7.0,134.99,43.23,10.71
7178f9f4dd81dcef02f62acdf8151e01,SC,215,202,10,0.0465,-7.0,3539.6,220.57,15.64
5dceca129747e92ff8ef7a997dc4f8ca,SP,343,322,20,0.0583,-7.1,8831.58,960.19,11.27
17ca9b9e9b9ef8fdb529001b49ebb50f,MG,128,115,3,0.0234,-7.1,205.91,45.84,8.06
f3b80352b986ab4d1057a4b724be19d0,DF,91,86,0,0.0,-7.2,0.0,0.0,10.61
8c16d1f32a54d92897cc437244442e1b,SC,118,108,2,0.0169,-7.3,49.96,41.6,10.98
5cf13accae3222c70a9cac40818ae839,MG,155,148,5,0.0323,-7.3,479.1,98.96,10.63
609e1a9a6c2539919b8205cf7c4e6ff0,SC,130,87,3,0.0231,-7.3,205.79,55.92,10.34
7722b1df1b0e383e000397b2c11e3e19,SP,144,133,4,0.0278,-7.4,264.68,75.91,8.59
7e93a43ef30c4f03f38b393420bc753a,SP,322,319,18,0.0559,-7.5,10054.96,391.02,11.34
1c68394e931a64f90ea236c5ea590300,PR,171,142,6,0.0351,-7.5,731.44,97.76,15.75
822166ed1e47908f7cfb49946d03c726,RJ,108,69,1,0.0093,-7.5,59.99,16.18,13.87
2a84855fd20af891be03bc5924d2b453,MG,159,155,5,0.0314,-7.6,449.5,102.31,8.54
669ae81880e08f269a64487cfb287169,SC,185,161,7,0.0378,-7.6,557.99,111.21,11.99
ca3bd7cd9f149df75950150d010fe4a2,SP,135,68,3,0.0222,-7.7,525.12,106.04,13.79
9616352088dcf83a7c06637f4ebf1c80,PR,97,91,0,0.0,-7.7,0.0,0.0,12.48
87142160b41353c4e5fca2360caf6f92,RS,339,305,19,0.056,-7.8,1853.3,507.0,10.81
289cdb325fb7e7f891c38608bf9e0962,SP,125,109,2,0.016,-7.9,236.7,24.92,6.66
6c7d50c24b3ccd2fd83b44d8bb34e073,SP,126,112,2,0.0159,-8.0,212.99,50.68,12.14
33a6f4b1e7cdc205511e76ba1b6e0186,SP,126,105,2,0.0159,-8.0,194.99,24.48,8.54
b76dba6c951ab00dc4edf0a1aa88037e,SP,167,157,5,0.0299,-8.2,115.44,83.31,10.25
46dc3b2cc0980fb8ec44634e21d2718e,RJ,523,503,33,0.0631,-8.4,8109.67,778.59,11.8
12b9676b00f60f3b700e83af21824c0e,RS,133,133,2,0.015,-8.5,398.0,46.78,15.05
d91fb3b7d041e83b64a00a3edfb37e4f,SP,525,524,33,0.0629,-8.5,2296.92,517.57,11.29
229c3efbfb0ea2058de4ccdfbc3d784a,MG,145,118,3,0.0207,-8.5,581.0,49.03,10.84
a3a38f4affed601eb87a97788c949667,SC,260,251,12,0.0462,-8.6,1358.09,293.32,12.49
128639473a139ac0f3e5f5ade55873a5,PR,554,527,35,0.0632,-8.8,791.5,677.8,14.41
ce27a3cc3c8cc1ea79d11e561e9bebb6,SP,151,122,3,0.0199,-8.9,155.97,29.58,10.08
b4ffb71f0cb1b1c3d63fad021ecf93e1,SP,164,143,4,0.0244,-9.0,143.25,67.44,9.75
95e03ca3d4146e4011985981aeb959b9,RJ,190,172,6,0.0316,-9.0,313.69,118.26,12.35
fc906263ca5083d09dce42fe02247800,MG,117,112,0,0.0,-9.3,0.0,0.0,9.35
da8622b14eb17ae2831f4ac5b9dab84a,SP,1548,1311,113,0.073,-9.4,12418.7,2070.11,11.17
6cd68b3ed6d59aaa9fece558ad360c0a,MG,157,149,3,0.0191,-9.4,295.7,45.18,10.46
0b90b6df587eb83608a64ea8b390cf07,PR,209,163,7,0.0335,-9.5,584.7,117.48,14.4
1da3aeb70d7989d1e6d9b0e887f97c23,SP,324,261,16,0.0494,-9.6,524.87,196.49,8.35
259f7b5e6e482c230e5bfaa670b6bb8f,SP,162,136,3,0.0185,-9.8,124.7,52.58,8.6
2138ccb85b11a4ec1e37afbd1c8eda1f,SP,419,388,23,0.0549,-10.1,647.41,376.11,11.26
86ccac0b835037332a596a33b6949ee1,SC,208,178,6,0.0288,-10.4,439.21,102.92,11.86
d98eec89afa3380e14463da2aabaea72,RS,183,168,4,0.0219,-10.5,159.96,71.77,8.54
0bae85eb84b9fb3bd773911e89288d54,SP,145,136,1,0.0069,-10.5,185.94,21.79,10.27
cab85505710c7cb9b720bceb52b01cee,SP,204,201,5,0.0245,-11.1,264.5,95.61,10.18
7299e27ed73d2ad986de7f7c77d919fa,MG,358,335,17,0.0475,-11.3,2407.88,406.11,11.32
562fc2f2c2863ab7e79a9e4388a58a14,SP,265,255,9,0.034,-12.0,249.91,170.19,11.26
e26901d5ab434ce92fd9b5c256820a4e,SP,215,197,5,0.0233,-12.0,227.5,64.45,9.3
4d6d651bd7684af3fffabd5f08d12e5a,SP,389,363,18,0.0463,-12.8,1931.6,413.09,13.06
53e4c6e0f4312d4d2107a8c9cddf45cd,SP,512,463,27,0.0527,-13.5,1274.5,460.63,12.03
9f505651f4a6abe901a56cdc21508025,SP,426,393,20,0.0469,-13.7,1113.85,337.7,8.17
f8db351d8c4c4c22c6835c19a46f01b0,SP,714,659,42,0.0588,-14.5,2821.8,791.95,9.91
de722cd6dad950a92b7d4f82673f8833,PE,377,337,15,0.0398,-14.8,2058.7,407.28,12.77
37be5a7c751166fbc5f8ccba4119e043,SP,278,269,7,0.0252,-15.0,1221.0,175.37,10.61
53243585a1d6dc2643021fd1853d8905,BA,400,348,16,0.04,-15.6,8074.89,656.39,13.37
d2374cbcbb3ca4ab1086534108cc3ab7,SP,620,514,33,0.0532,-16.0,1188.4,595.95,14.3
0ea22c1cfbdc755f86b9b54b39c16043,MG,265,234,4,0.0151,-17.0,139.6,65.35,11.02
c3cfdc648177fdbbbb35635a37472c53,PR,307,278,7,0.0228,-17.3,834.5,172.93,9.69
a1043bafd471dff536d0c462352beb48,MG,752,702,42,0.0559,-17.5,5630.82,1973.3,13.59
cca3071e3e9bb7d12640c9fbe2301306,SP,817,699,44,0.0539,-20.6,3649.26,772.29,14.24
3d871de0142ce09b7081e2b9d1733cb1,SP,1131,1064,67,0.0592,-22.4,6355.9,1458.25,13.42
85d9eb9ddc5d00ca9336a2219c97bb13,MG,512,499,18,0.0352,-22.5,547.04,317.88,14.74
dbc22125167c298ef99da25668e1011f,MG,417,394,10,0.024,-23.0,831.64,240.84,11.41
7a67c85e85bb2ce8582c35f2203ad736,SP,1155,1145,68,0.0589,-23.3,8543.13,1144.25,11.17
cc419e0650a3c5ba77189a1882b7556a,SP,1719,1651,103,0.0599,-32.9,6746.97,1727.55,11.54
6560211a19b47992c3666cc44a7e94c0,SP,1996,1819,124,0.0621,-33.8,7658.99,1836.22,9.54
