seller_id,total_orders,delivered_orders,cancelled_orders,on_time_delivery_pct,sla_breach_pct,avg_delivery_days,freight_cost_per_delivered_order_brl,avg_review_score
54965bbe3e4f07ae045b90b0b8541f52,86.0,81.0,0.0,0.6790123456790124,0.32098765432098764,26.727943958619115,25.632839506172836,
2a1348e9addc1af5aaa619b1a3679d6b,55.0,51.0,1.0,0.7058823529411765,0.29411764705882354,27.20355324074074,14.262156862745098,
6039e27294dc75811c0d8a39069f52c0,75.0,74.0,0.0,0.7432432432432432,0.25675675675675674,17.98101445195195,31.550270270270275,
a49928bcdf77c55c6d6e05e09a9b4ca5,106.0,104.0,0.0,0.75,0.25,16.937956508190886,16.605,
602044f2c16190c2c6e45eb35c2e21cb,57.0,55.0,0.0,0.7636363636363637,0.23636363636363636,15.828208543771046,16.54109090909091,
06a2c3af7b3aee5d69171b0e14f0ee87,405.0,402.0,0.0,0.763681592039801,0.236318407960199,17.7378431338677,30.028656716417906,
beadbee30901a7f61d031b6b686095ad,68.0,68.0,0.0,0.7647058823529411,0.23529411764705882,13.54190870098039,13.787352941176469,
cac4c8e7b1ca6252d8f20b2fc1a2e4af,83.0,82.0,0.0,0.7682926829268293,0.23170731707317074,19.899524333785006,18.66475609756098,
ea566164622c6b439516ab18062c42cd,52.0,52.0,0.0,0.7692307692307693,0.23076923076923078,14.229441773504274,16.51076923076923,
99a54764c341d5dc80b4a8fac4eba3fb,67.0,66.0,0.0,0.7727272727272727,0.22727272727272727,7.078410669191919,19.67909090909091,
bbad7e518d7af88a0897397ffdca1979,85.0,84.0,0.0,0.7738095238095238,0.2261904761904762,15.275709738756612,15.653809523809525,
2a261b5b644fa05f4f2700eb93544f2c,82.0,82.0,0.0,0.7804878048780488,0.21951219512195122,14.461137929087627,24.899146341463414,
712e6ed8aa4aa1fa65dab41fed5737e4,87.0,85.0,0.0,0.788235294117647,0.21176470588235294,23.79967687908497,79.58611764705881,
d13e50eaa47b4cbe9eb81465865d8cfc,69.0,68.0,0.0,0.7941176470588235,0.20588235294117646,4.972586465141611,12.272058823529413,
cd68562d3f44870c08922d380acae552,132.0,129.0,1.0,0.7984496124031008,0.20155038759689922,16.78016392118863,16.745426356589146,
1ca7077d890b907f89be8c954a02686a,137.0,127.0,0.0,0.8031496062992126,0.1968503937007874,15.028811242344709,11.984330708661416,
88460e8ebdecbfecb5f9601833981930,302.0,300.0,1.0,0.8033333333333333,0.19666666666666666,18.267569483024694,16.460633333333334,
0bf0150d5b9d60d9cd2906003332f085,62.0,62.0,0.0,0.8064516129032258,0.1935483870967742,14.129168533452809,17.705483870967743,
0d85bbda9889ce1f7e63778d24f346eb,58.0,58.0,0.0,0.8103448275862069,0.1896551724137931,18.322939814814813,28.00862068965517,
e5a3438891c0bfdb9394643f95273d8e,255.0,247.0,1.0,0.8178137651821862,0.18218623481781376,15.375952401034638,13.282348178137651,
8160255418d5aaa7dbdc9f4c64ebda44,431.0,424.0,0.0,0.8207547169811321,0.1792452830188679,16.77892969841894,18.224740566037735,
11bfa66332777660bd0640ee84d47006,102.0,102.0,0.0,0.8235294117647058,0.17647058823529413,16.1661926969862,16.49676470588235,
d20b021d3efdf267a402c402a48ea64b,106.0,102.0,1.0,0.8235294117647058,0.17647058823529413,16.66131887708787,14.75450980392157,
b17b679f4f5ce2e03ce6968c62648246,57.0,51.0,2.0,0.8235294117647058,0.17647058823529413,19.111360294117645,19.21921568627451,
2c9e548be18521d1c43cde1c582c6de8,174.0,171.0,0.0,0.8304093567251462,0.1695906432748538,13.734119693523933,14.365672514619881,
6973a06f484aacf400ece213dbf3d946,115.0,108.0,4.0,0.8333333333333334,0.16666666666666666,14.988384880829905,11.924722222222224,
891071be6ba827b591264c90c2ae8a63,98.0,90.0,1.0,0.8333333333333334,0.16666666666666666,13.207583976337446,13.263333333333332,
002100f778ceb8431b7a1020ff7ab48f,55.0,54.0,0.0,0.8333333333333334,0.16666666666666666,16.192371399176952,14.41777777777778,
f7ba60f8c3f99e7ee4042fdef03b70c4,230.0,229.0,0.0,0.834061135371179,0.16593886462882096,13.124415534530165,18.855633187772927,
56642bcb79900e777d68e91915cb4267,56.0,56.0,0.0,0.8392857142857143,0.16071428571428573,14.243257895171956,14.538392857142858,
06579cb253ecd5a3a12a9e6eb6bf8f47,72.0,70.0,0.0,0.8428571428571429,0.15714285714285714,10.958568783068785,20.293857142857146,
a6fe7de3d16f6149ffe280349a8535a0,52.0,51.0,0.0,0.8431372549019608,0.1568627450980392,14.846080927741466,14.304705882352943,
e62b2d6ac10570a035a30bafcf01d263,71.0,71.0,0.0,0.8450704225352113,0.15492957746478872,14.706772463484608,14.578591549295774,
ba143b05f0110f0dc71ad71b4466ce92,86.0,84.0,0.0,0.8452380952380952,0.15476190476190477,10.277845982142857,15.603214285714287,
8b9d6eec4a7eb7d0f9d579ce0b38324d,53.0,52.0,0.0,0.8461538461538461,0.15384615384615385,10.04201544693732,32.06346153846154,
431af27f296bc6519d890aa5a05fdb11,125.0,124.0,0.0,0.8467741935483871,0.1532258064516129,16.937258251194745,17.16491935483871,
903037660cf848a717166eb7a06d616e,60.0,59.0,0.0,0.847457627118644,0.15254237288135594,11.605650698367862,18.372711864406785,
adbc26658d6c7b4b6219f9d934598091,92.0,92.0,0.0,0.8478260869565217,0.15217391304347827,17.181017512077297,20.49836956521739,
05f51e13da97139648b8125c31e5f51b,63.0,60.0,0.0,0.85,0.15,12.294118248456789,31.477499999999996,
75d34ebb1bd0bd7dde40dd507b8169c3,72.0,67.0,1.0,0.8507462686567164,0.14925373134328357,16.071696724709785,19.603582089552237,
a888faf2d1baececa6baf9c3d603ee1f,55.0,54.0,0.0,0.8518518518518519,0.14814814814814814,17.909094864540467,20.517592592592592,
dd7ddc04e1b6c2c614352b383efe2d36,143.0,142.0,0.0,0.852112676056338,0.14788732394366197,14.815091451486696,20.257535211267605,
b561927807645834b59ef0d16ba55a24,95.0,95.0,0.0,0.8526315789473684,0.14736842105263157,12.522224049707606,13.73726315789474,
b2479f944e1b90cf8a5de1bbfde284d6,131.0,129.0,1.0,0.8527131782945736,0.14728682170542637,15.44058202339937,17.11395348837209,
432c37c9dfba871172ec162e20118b8c,57.0,55.0,1.0,0.8545454545454545,0.14545454545454545,15.700738636363637,16.99872727272727,
8f2ce03f928b567e3d56181ae20ae952,175.0,172.0,0.0,0.8546511627906976,0.14534883720930233,14.378301639211887,21.840697674418603,
2eb70248d66e0e3ef83659f71b244378,212.0,197.0,0.0,0.8578680203045685,0.14213197969543148,17.974676865952247,15.51274111675127,
c31eff8334d6b3047ed34bebd4d62c36,123.0,121.0,0.0,0.859504132231405,0.14049586776859505,12.768233566727886,19.49785123966942,
048c2757535328e0d7dac690ad3c0aae,51.0,50.0,0.0,0.86,0.14,18.514625925925927,24.9466,
900ba814c251a692506d7834c1218441,88.0,86.0,0.0,0.8604651162790697,0.13953488372093023,12.483181524547803,27.144534883720944,
23613d49c3ac2bd302259e55c06c050c,80.0,79.0,0.0,0.8607594936708861,0.13924050632911392,13.889357858649793,25.7473417721519,
855668e0971d4dfd7bef1b6a4133b41b,327.0,311.0,6.0,0.8617363344051447,0.1382636655948553,16.153090128915085,24.306559485530546,
fffd5413c0700ac820c7069d66d98c89,61.0,58.0,1.0,0.8620689655172413,0.13793103448275862,13.74465297733078,44.6603448275862,
643214e62b870443ccbe55ab29a4dccf,68.0,66.0,0.0,0.8636363636363636,0.13636363636363635,9.536554257856341,13.507272727272726,
7e1fb0a3ebfb01ffb3a7dae98bf3238d,174.0,169.0,2.0,0.863905325443787,0.13609467455621302,15.597190102454524,17.059704142011835,
7aa4334be125fcdd2ba64b3180029f14,240.0,237.0,0.0,0.8649789029535865,0.1350210970464135,15.979772620721986,18.217594936708863,
f3da5b2ff499efb8d4a6d371d175d7dd,84.0,82.0,0.0,0.8658536585365854,0.13414634146341464,11.274847702122855,13.410975609756095,
1eade46fba20122dc4aefb379f8c636b,75.0,75.0,0.0,0.8666666666666667,0.13333333333333333,12.068996913580246,13.84453333333333,
8b28d096634035667e8263d57ba3368c,155.0,151.0,1.0,0.8675496688741722,0.13245033112582782,14.29172338729458,16.60754966887417,
b33e7c55446eabf8fe1a42d037ac7d6d,155.0,152.0,0.0,0.868421052631579,0.13157894736842105,16.425508269371345,17.476184210526316,
440dd6ab244315c632130ecfb63827b1,95.0,92.0,1.0,0.8695652173913043,0.13043478260869565,16.668735909822864,22.246521739130436,
5058e8c1e82653974541e83690655b4a,78.0,77.0,0.0,0.8701298701298701,0.12987012987012986,26.44018774050024,39.07311688311688,
59b22a78efb79a4797979612b885db36,133.0,133.0,0.0,0.8721804511278195,0.12781954887218044,12.501321620022278,36.82383458646616,
7ad32824caee82087b3e2e5f33b1bf32,184.0,180.0,0.0,0.8722222222222222,0.12777777777777777,11.489481738683127,19.320555555555554,
e9bc59e7b60fc3063eb2290deda4cced,269.0,260.0,1.0,0.8730769230769231,0.12692307692307692,14.569640357905984,17.456653846153845,
a416b6a846a11724393025641d4edd5e,181.0,176.0,5.0,0.875,0.125,12.603594933712122,16.679318181818182,
165fc07beebdcb6190fba8a06db2a449,64.0,64.0,0.0,0.875,0.125,13.493607494212963,25.000468749999996,
2e90cb1677d35cfe24eef47d441b7c87,137.0,137.0,0.0,0.8759124087591241,0.12408759124087591,12.098287037037037,21.076277372262776,
8e6d7754bc7e0f22c96d255ebda59eba,130.0,129.0,0.0,0.875968992248062,0.12403100775193798,14.082051751363768,13.069534883720928,
897060da8b9a21f655304d50fd935913,430.0,413.0,2.0,0.8789346246973365,0.12106537530266344,14.862095748139183,15.781646489104114,
f84fa566034f5e8e880a07ec624c56af,102.0,100.0,0.0,0.88,0.12,11.47134224537037,12.1042,
04308b1ee57b6625f47df1d56f00eedf,94.0,92.0,0.0,0.8804347826086957,0.11956521739130435,18.87600291867955,32.052391304347836,
7d13fca15225358621be4086e1eb0964,578.0,571.0,0.0,0.8809106830122592,0.1190893169877408,15.69260655850684,14.883169877408058,
3df020b72d3d44b3af9d110fa3940b65,101.0,101.0,0.0,0.8811881188118812,0.1188118811881188,12.833123854052076,16.926435643564357,
7681ef142fd2c19048da7430856b5588,77.0,76.0,0.0,0.881578947368421,0.11842105263157894,10.372716709307994,37.669210526315794,
7e3f87d16fb353f408d467e74fbd8014,94.0,93.0,0.0,0.8817204301075269,0.11827956989247312,12.558290521704501,15.218064516129031,
0b35c634521043bf4b47e21547b99ab5,78.0,77.0,0.0,0.8831168831168831,0.11688311688311688,17.424784301346797,18.89792207792208,
34056b8b55c1775a22af2331670a799c,78.0,77.0,0.0,0.8831168831168831,0.11688311688311688,12.927642496392496,22.74688311688312,
972d0f9cf61b499a4812cf0bfa3ad3c4,88.0,86.0,0.0,0.8837209302325582,0.11627906976744186,18.16777279823428,24.427093023255818,
4869f7a5dfa277a7dca6462dcf3b52b2,1156.0,1148.0,1.0,0.8841463414634146,0.11585365853658537,15.005261495434898,17.43826655052265,
b1fc4f64df5a0e8b6913ab38803c57a9,121.0,121.0,0.0,0.8842975206611571,0.11570247933884298,15.73235058922559,17.737603305785125,
77530e9772f57a62c906e1c21538ab82,389.0,381.0,1.0,0.884514435695538,0.11548556430446194,15.0941146592787,21.71839895013123,
23d7c96d4a1160db1c726b248601b25a,55.0,52.0,3.0,0.8846153846153846,0.11538461538461539,13.258936075498578,24.787115384615383,
c9c7905cffc4ef9ff9f113554423e671,139.0,139.0,0.0,0.8848920863309353,0.11510791366906475,11.0623869237943,15.176474820143882,
f46490624488d3ff7ce78613913a7711,91.0,87.0,0.0,0.8850574712643678,0.11494252873563218,10.085496221796507,19.46448275862069,
318f287a62ab7ac10b703ac37435a231,62.0,61.0,0.0,0.8852459016393442,0.11475409836065574,12.170947366423801,17.984262295081965,
d9bd94811c3338dceb4181f3dbc0c73e,61.0,61.0,0.0,0.8852459016393442,0.11475409836065574,7.769682187310259,12.640819672131148,
b14db04aa7881970e83ffa9426897925,111.0,105.0,0.0,0.8857142857142857,0.11428571428571428,15.616071318342149,20.042857142857144,
a673821011d0cec28146ea42f5ab767f,146.0,141.0,2.0,0.8865248226950354,0.11347517730496454,12.565776858418703,18.17049645390071,
3db66a856d18a9cba7c9241fc5221c50,97.0,97.0,0.0,0.8865979381443299,0.1134020618556701,15.825872470408552,21.075876288659792,
c3867b4666c7d76867627c2f7fb22e21,259.0,241.0,5.0,0.8879668049792531,0.11203319502074689,15.219363906177962,19.474273858921162,
213b25e6f54661939f11710a6fddb871,194.0,190.0,0.0,0.8894736842105263,0.11052631578947368,15.226612816764133,17.794789473684208,
b499c00f28f4b7069ff6550af8c1348a,187.0,182.0,0.0,0.8901098901098901,0.10989010989010989,10.819418752543752,13.756043956043953,
4a3ca9315b744ce9f8e9374361493884,1987.0,1949.0,2.0,0.8902001026167266,0.10979989738327348,14.416470988208578,17.61842483324782,
7d76b645482be4a332374e8223836592,187.0,183.0,0.0,0.8907103825136612,0.1092896174863388,13.264018480570734,13.78158469945355,
aba1721a889e04decc910aa13b768ef4,92.0,92.0,0.0,0.8913043478260869,0.10869565217391304,9.191300070450884,13.577934782608693,
16090f2ca825584b5a147ab24aa30c86,410.0,406.0,0.0,0.8916256157635468,0.10837438423645321,9.22286595169677,13.312463054187191,
70a12e78e608ac31179aea7f8422044b,328.0,323.0,0.0,0.891640866873065,0.10835913312693499,14.695408819229444,17.101300309597523,
4e17c65a516f69d023a2ae78b84f28d6,74.0,74.0,0.0,0.8918918918918919,0.10810810810810811,14.778386042292293,15.615405405405404,
8444e55c1f13cd5c179851e5ca5ebd00,109.0,102.0,4.0,0.8921568627450981,0.10784313725490197,21.292399010530136,19.26186274509804,
056b4ada5bbc2c50cc7842547dda6b51,66.0,65.0,0.0,0.8923076923076924,0.1076923076923077,12.710589921652423,19.72907692307692,
ce248b21cb2adc36282ede306b7660e5,66.0,65.0,1.0,0.8923076923076924,0.1076923076923077,15.604850071225071,29.153999999999996,
4e922959ae960d389249c378d1c939f5,454.0,446.0,0.0,0.8923766816143498,0.10762331838565023,14.63096879671151,16.02506726457399,
6fd52c528dcb38be2eea044946b811f8,84.0,84.0,0.0,0.8928571428571429,0.10714285714285714,21.193753031305114,13.554285714285713,
cfb1a033743668a192316f3c6d1d2671,184.0,179.0,1.0,0.8938547486033519,0.10614525139664804,11.871563599213736,18.777430167597764,
1835b56ce799e6a4dc4eddc053f04066,558.0,551.0,0.0,0.8947368421052632,0.10526315789473684,12.770313550278953,15.649655172413794,
fd386aa7bed2af3c7035c65506c9b4a3,76.0,76.0,0.0,0.8947368421052632,0.10526315789473684,8.330300469054581,13.316052631578946,
99eaacc9e6046db1c82b163c5f84869f,70.0,67.0,1.0,0.8955223880597015,0.1044776119402985,15.014922090934217,16.14417910447761,
ea8482cd71df3c1969d7b9473ff13abc,1203.0,1188.0,1.0,0.8964646464646465,0.10353535353535354,13.315562346068711,14.555446127946126,
f84a00e60c73a49e7e851c9bdca3a5bb,99.0,97.0,0.0,0.8969072164948454,0.10309278350515463,11.270389222985873,19.908247422680414,
50c9975695009e5e6473912e83a6d1da,68.0,68.0,0.0,0.8970588235294118,0.10294117647058823,15.213292483660132,42.934558823529414,
8b321bb669392f5163d04c59e235e066,1018.0,1005.0,0.0,0.8975124378109453,0.10248756218905472,12.616898723972728,13.854726368159202,
f27e33c6d29b5138fa9967bcd445b6d5,98.0,98.0,0.0,0.8979591836734694,0.10204081632653061,12.444732024754344,16.264795918367344,
fa1c13f2614d7b5c4749cbc52fecda94,586.0,579.0,1.0,0.8981001727115717,0.10189982728842832,13.341870562272117,17.126701208981004,
f5a590cf36251cf1162ea35bef76fe84,122.0,118.0,3.0,0.8983050847457628,0.1016949152542373,11.821742879001883,35.035423728813555,
522620dcb18a6b31cd7bdf73665113a9,180.0,178.0,0.0,0.898876404494382,0.10112359550561797,15.232024292550978,25.748146067415732,
e9d99831abad74458942f21e16f33f92,149.0,149.0,0.0,0.8993288590604027,0.10067114093959731,12.633741688416606,13.379731543624159,
37515688008a7a40ac93e3b2e4ab203f,240.0,239.0,0.0,0.899581589958159,0.100418410041841,15.078823173330234,14.211924686192463,
8648b1e89e9b349e32d3741b30ec737e,103.0,100.0,0.0,0.9,0.1,9.249412731481481,14.202699999999995,
20cb7c2fde3e5bf10f0bbe7394e1c6a9,51.0,50.0,0.0,0.9,0.1,12.152555787037038,15.603,
1900267e848ceeba8fa32d80c1a5f5a8,529.0,523.0,0.0,0.9005736137667304,0.0994263862332696,12.795229091424119,15.372791586998087,
42b729f859728f5079499127a9c2ef37,132.0,131.0,0.0,0.9007633587786259,0.09923664122137404,7.89449409810574,9.923358778625953,
54a1852d1b8f10312c55e906355666ee,204.0,202.0,0.0,0.900990099009901,0.09900990099009901,11.517078692244224,16.641435643564357,
0dd184061fb0eaa7ca37932c68ab91c5,193.0,193.0,0.0,0.9015544041450777,0.09844559585492228,11.247586475724429,27.56217616580311,
8581055ce74af1daba164fdbd55a40de,435.0,427.0,3.0,0.9016393442622951,0.09836065573770492,12.83171940206051,22.161030444964876,
a3e9a2c700480d9bb01fba070ba80a0e,144.0,143.0,0.0,0.9020979020979021,0.0979020979020979,13.146437775187776,20.06314685314685,
527801b552d0077ffd170872eb49683b,92.0,92.0,0.0,0.9021739130434783,0.09782608695652174,13.005903155193236,22.41913043478261,
729f06993dac8e860d4f02d7088ca48a,115.0,113.0,0.0,0.9026548672566371,0.09734513274336283,10.856161094723044,43.478672566371685,
ececbfcff9804a2d6b40f589df8eef2b,104.0,103.0,0.0,0.9029126213592233,0.0970873786407767,13.071829265551965,17.80883495145631,
8d956fec2e4337affcb520f56fd8cbfd,228.0,227.0,1.0,0.9030837004405287,0.09691629955947137,9.30171148433676,14.598458149779733,
634964b17796e64304cadf1ad3050fb7,326.0,323.0,1.0,0.9040247678018576,0.09597523219814241,14.50425538929022,18.26625386996904,
7c67e1448b00f6e969d365cea6b010ab,1364.0,1355.0,0.0,0.9040590405904059,0.0959409594095941,22.392545647123136,37.8130184501845,
4a3ccda38b2129705f3fb522db62ca31,78.0,73.0,4.0,0.9041095890410958,0.0958904109589041,13.361919710806697,18.352328767123286,
f7ccf836d21b2fb1de37564105216cc1,74.0,73.0,0.0,0.9041095890410958,0.0958904109589041,11.043061897513953,15.1772602739726,
391fc6631aebcf3004804e51b40bcf1e,613.0,605.0,0.0,0.9041322314049587,0.09586776859504133,14.269101584022037,16.667504132231404,
d673a59aac7a70d8b01e6902bf090a11,84.0,84.0,0.0,0.9047619047619048,0.09523809523809523,13.790570023148147,18.935952380952376,
620c87c171fb2a6dd6e8bb4dec959fc6,798.0,778.0,7.0,0.9048843187660668,0.09511568123393316,12.905887276254404,17.75922879177378,
9c0e69c7bf2619675bbadf47b43f655a,206.0,200.0,1.0,0.905,0.095,15.161132060185185,14.1171,
1f50f920176fa81dab994f9023523100,1931.0,1926.0,1.0,0.9055036344755971,0.09449636552440291,15.571830969241567,18.202092419522323,
1336efc61c316ddf92c899eb817f7cae,85.0,85.0,0.0,0.9058823529411765,0.09411764705882353,11.714715005446624,17.858588235294118,
f0b47fbbc6dee9aafe415a6e33051b3f,86.0,85.0,0.0,0.9058823529411765,0.09411764705882353,10.35016149237473,15.540941176470588,
8e8a7ce9f2f970dc00e2acf6f6e199f6,66.0,64.0,0.0,0.90625,0.09375,12.201920572916666,17.934062500000003,
f262cbc1c910c83959f849465454ddd3,207.0,204.0,1.0,0.9068627450980392,0.09313725490196079,8.951072871278141,12.034509803921566,
1d8dbc4f32378d715c717c1c1fc57bae,98.0,97.0,0.0,0.9072164948453608,0.09278350515463918,15.572452510500192,21.49639175257732,
1025f0e2d44d7041d6cf58b6550e0bfa,1428.0,1420.0,0.0,0.9077464788732394,0.09225352112676057,12.05134910504695,23.743943661971834,
70c27847eca8195c983ed7e798c56743,98.0,98.0,0.0,0.9081632653061225,0.09183673469387756,10.848642172146635,14.812857142857144,
aac29b1b99776be73c3049939652091d,138.0,131.0,0.0,0.9083969465648855,0.0916030534351145,14.373473812553012,19.615419847328244,
5343d0649eca2a983820bfe93fc4d17e,111.0,110.0,1.0,0.9090909090909091,0.09090909090909091,11.363704229797982,21.591545454545457,
688756f717c462a206ad854c5027a64a,101.0,99.0,0.0,0.9090909090909091,0.09090909090909091,10.765330387205386,19.273232323232325,
218d46b86c1881d022bce9c68a7d4b15,427.0,420.0,2.0,0.9095238095238095,0.09047619047619047,13.803222608024694,17.744380952380954,
c826c40d7b19f62a09e2d7c5e7295ee2,373.0,365.0,0.0,0.9095890410958904,0.09041095890410959,13.195016837899546,14.914054794520545,
4c2b230173bb36f9b240f2b8ac11786e,346.0,343.0,0.0,0.9096209912536443,0.09037900874635568,12.7983538494763,12.694285714285712,
6a8b085f816a1f75f92dbac6eb545f8f,135.0,133.0,0.0,0.9097744360902256,0.09022556390977443,14.367179493873573,16.195864661654138,
de23c3b98a88888289c6f5cc1209054a,181.0,178.0,1.0,0.9101123595505618,0.0898876404494382,10.772300834893883,14.866235955056178,
7040e82f899a04d1b434b795a43b4617,228.0,223.0,4.0,0.9103139013452914,0.08968609865470852,10.244739972595916,14.005650224215243,
e5a38146df062edaf55c38afa99e42dc,125.0,124.0,0.0,0.9112903225806451,0.08870967741935484,12.23224602374552,15.205967741935481,
d1c281d3ae149232351cd8c8cc885f0d,240.0,239.0,0.0,0.9121338912133892,0.08786610878661087,12.459742610026346,22.510753138075312,
d05ae8f7a5bd1d2a690a44cd079e4e27,81.0,80.0,1.0,0.9125,0.0875,11.235804832175926,14.270625,
ef506c96320abeedfb894c34db06f478,340.0,332.0,1.0,0.9126506024096386,0.08734939759036145,13.339430674085229,15.33825301204819,
951e8cef368f09bb3f3d03c00ca4702c,71.0,69.0,0.0,0.9130434782608695,0.08695652173913043,9.187698604401504,19.71347826086956,
a420f60ff1aa9acc80d0e42959f2b313,69.0,69.0,0.0,0.9130434782608695,0.08695652173913043,11.347290827965645,15.941594202898552,
827f8f69dfa529c561901c4f2e0f332f,104.0,104.0,0.0,0.9134615384615384,0.08653846153846154,13.232379473824787,15.34201923076923,
b2ba3715d723d245138f291a6fe42594,363.0,350.0,4.0,0.9142857142857143,0.08571428571428572,13.970765972222225,17.984199999999998,
e59aa562b9f8076dd550fcddf0e73491,84.0,82.0,0.0,0.9146341463414634,0.08536585365853659,13.709238510614275,26.34231707317073,
fe2032dab1a61af8794248c8196565c9,306.0,305.0,0.0,0.9147540983606557,0.08524590163934426,10.600771782027929,15.44554098360656,
5d0363b33554b373851fc1622e4d5f3c,95.0,94.0,0.0,0.9148936170212766,0.0851063829787234,12.73062192178881,23.143404255319155,
cbd996ad3c1b7dc71fd0e5f5df9087e2,196.0,189.0,0.0,0.9153439153439153,0.08465608465608465,12.841035726533413,14.666349206349205,
3be634553519fb6536a03e1358e9fdc7,99.0,95.0,0.0,0.9157894736842105,0.08421052631578947,9.78390180311891,18.98663157894737,
76d5af76d0271110f9af36c92573f765,159.0,155.0,0.0,0.9161290322580645,0.08387096774193549,11.488301971326164,24.43264516129032,
7ddcbb64b5bc1ef36ca8c151f6ec77df,343.0,334.0,2.0,0.9161676646706587,0.08383233532934131,12.637638473053894,23.254760479041916,
6860153b69cc696d5dcfe1cdaaafcf62,84.0,84.0,0.0,0.9166666666666666,0.08333333333333333,10.229695491622573,17.745238095238097,
ce7d1888639e6fb06b2749cbfdac1ff7,84.0,84.0,0.0,0.9166666666666666,0.08333333333333333,14.191560433201058,36.698214285714286,
3c7c4a49ec3c6550809089c6a2ca9370,160.0,158.0,0.0,0.9177215189873418,0.08227848101265822,9.755601046061885,11.37,
17f51e7198701186712e53a39c564617,61.0,61.0,0.0,0.9180327868852459,0.08196721311475409,22.76142418032787,160.54803278688524,
e067ad2c1c0b48758eb1b5228bcf7a68,61.0,61.0,0.0,0.9180327868852459,0.08196721311475409,14.490808477534909,16.481311475409836,
00ee68308b45bc5e2660cd833c3f81cc,172.0,172.0,0.0,0.9186046511627907,0.08139534883720931,9.16644191429802,18.492209302325584,
17a053fcb14bd219540cbde0df490be0,149.0,148.0,0.0,0.918918918918919,0.08108108108108109,11.984233061186188,59.197094594594596,
955fee9216a65b617aa5c0531780ce60,1499.0,1472.0,1.0,0.9191576086956522,0.08084239130434782,10.740379176731079,16.827289402173914,
17e34d8224d27a541263c4c64b11a56b,268.0,260.0,2.0,0.9192307692307692,0.08076923076923077,14.041841435185184,19.57773076923077,
c70c1b0d8ca86052f45a432a38b73958,338.0,336.0,0.0,0.9196428571428571,0.08035714285714286,7.669141279486331,11.611339285714285,
6f892e20a171e98efe17fdb971ff319b,53.0,50.0,0.0,0.92,0.08,16.756710648148147,17.1498,
058fd0aa2bfdb2274e05e1ae971dabb6,64.0,63.0,0.0,0.9206349206349206,0.07936507936507936,10.220733575837745,13.95047619047619,
7142540dd4c91e2237acb7e911c4eba2,331.0,328.0,0.0,0.9207317073170732,0.07926829268292683,14.759572782576782,20.865060975609754,
ef0ace09169ac090589d85746e3e036f,140.0,139.0,0.0,0.920863309352518,0.07913669064748201,12.556171063149481,16.542302158273383,
9646c3513289980f17226a2fc4720dbd,78.0,76.0,2.0,0.9210526315789473,0.07894736842105263,12.624502314814816,15.629342105263158,
715bbd5ba4e6b74cb0d2f29eb45058b0,64.0,64.0,0.0,0.921875,0.078125,11.971359772858797,19.8840625,
bd0389da23d89b726abf911cccc54596,90.0,90.0,0.0,0.9222222222222223,0.07777777777777778,13.493771219135802,18.403444444444446,
004c9cd9d87a3c30c522c48c4fc07416,170.0,168.0,0.0,0.9226190476190477,0.07738095238095238,14.43036361882716,20.977916666666665,
4b9750c8ad28220fe6702d4ecb7c898f,222.0,221.0,0.0,0.9230769230769231,0.07692307692307693,9.406085030165913,15.196606334841627,
5f1dc28029d2c244352a68107ec2b542,78.0,78.0,0.0,0.9230769230769231,0.07692307692307693,9.357083481718897,12.771282051282052,
5656537e588803a555b8eb41f07a944b,188.0,185.0,0.0,0.9243243243243243,0.07567567567567568,11.422552615115116,17.969135135135136,
92eb0f42c21942b6552362b9b114707d,365.0,358.0,0.0,0.9245810055865922,0.07541899441340782,13.478276950134493,13.535279329608937,
edb1ef5e36e0c8cd84eb3c9b003e486d,175.0,174.0,0.0,0.9252873563218391,0.07471264367816093,11.70980603448276,22.33471264367816,
4c18691b6037662be2df78a765d98ab5,67.0,67.0,0.0,0.9253731343283582,0.07462686567164178,9.115787037037038,16.73119402985075,
aced59e9b31ef866a94f9e7f29d8d418,67.0,67.0,0.0,0.9253731343283582,0.07462686567164178,9.67080379353234,15.631343283582089,
e9779976487b77c6d4ac45f75ec7afe9,750.0,738.0,1.0,0.9254742547425474,0.07452574525745258,9.849296302569508,13.525216802168023,
ccc4bbb5f32a6ab2b7066a4130f114e3,192.0,189.0,0.0,0.9259259259259259,0.07407407407407407,15.853247415735842,27.378941798941803,
8e6cc767478edae941d9bd9eb778d77a,114.0,108.0,2.0,0.9259259259259259,0.07407407407407407,16.496237675754458,20.085740740740743,
d6b1ce66b035a475f00c017792ff9769,108.0,108.0,0.0,0.9259259259259259,0.07407407407407407,10.171494770233195,18.874814814814815,
2a7dc43cecabf23403078e2188437d1d,54.0,54.0,0.0,0.9259259259259259,0.07407407407407407,12.955495756172835,15.439074074074075,
624f4ece8da4aafb77699233d480f8ef,55.0,54.0,0.0,0.9259259259259259,0.07407407407407407,13.516612011316871,31.58425925925926,
da8622b14eb17ae2831f4ac5b9dab84a,1551.0,1548.0,0.0,0.9270025839793282,0.07299741602067183,11.169686722413628,16.07875322997416,
994f04b3718c2bab35c2adfa8afecd2a,57.0,55.0,2.0,0.9272727272727272,0.07272727272727272,13.489908459595961,13.72090909090909,
e24fc9fcd865784fb25705606fe3dfe7,56.0,55.0,0.0,0.9272727272727272,0.07272727272727272,12.645286826599323,18.41290909090909,
1bb2bdb95f4841f1bba2c0d2cd83d3c9,85.0,83.0,0.0,0.927710843373494,0.07228915662650602,12.310494477911647,13.47192771084337,
4371b634e0efc0e22b09b52907d9d469,112.0,111.0,1.0,0.9279279279279279,0.07207207207207207,10.740036077744412,13.306396396396394,
70eea00b476a314817cefde4aad4f89a,114.0,112.0,0.0,0.9285714285714286,0.07142857142857142,13.332505373677249,24.32955357142857,
d50d79cb34e38265a8649c383dcffd48,70.0,70.0,0.0,0.9285714285714286,0.07142857142857142,13.159798611111114,27.603714285714286,
1554a68530182680ad5c8b042c3ab563,269.0,267.0,0.0,0.9288389513108615,0.07116104868913857,14.082570138021916,25.22441947565543,
f45122a9ab94eb4f3f8953578bc0c560,200.0,197.0,0.0,0.9289340101522843,0.07106598984771574,12.486274734442567,16.645634517766496,
66922902710d126a0e7d26b0e3805106,156.0,155.0,0.0,0.9290322580645162,0.07096774193548387,11.38841696535245,20.629870967741937,
c8b0e2b0a7095e5d8219575d5e7e1181,85.0,85.0,0.0,0.9294117647058824,0.07058823529411765,10.063569852941175,17.49564705882353,
d650b663c3b5f6fb392b6326366efa9a,60.0,57.0,0.0,0.9298245614035088,0.07017543859649122,9.836265432098767,14.949298245614035,
f214d28e8d8e3ef068748498ccc2f813,59.0,57.0,0.0,0.9298245614035088,0.07017543859649122,10.173526843729695,13.779122807017542,
f4aba7c0bca51484c30ab7bdc34bcdd1,117.0,115.0,0.0,0.9304347826086956,0.06956521739130435,10.892263586956519,13.17591304347826,
6fc26fe110feebd80a433e1f012a84f9,72.0,72.0,0.0,0.9305555555555556,0.06944444444444445,11.43756735468107,13.572083333333333,
6d66611d7c44cc30ce351abc49a68421,176.0,174.0,0.0,0.9310344827586207,0.06896551724137931,12.124869425819496,18.486551724137932,
3bdff180c7e1f6551a643b99c265a120,61.0,58.0,0.0,0.9310344827586207,0.06896551724137931,10.289592712324392,17.308275862068964,
45d33f715e24d15a6ccf5c17b3a23e3c,61.0,58.0,2.0,0.9310344827586207,0.06896551724137931,11.52683868135377,14.91344827586207,
7ea5bfa6c340f58f8e71fc1f0412b0d6,104.0,102.0,0.0,0.9313725490196079,0.06862745098039216,12.737575912309369,15.998529411764707,
4992e76a42cb3aad7a7047e0d3d7e729,74.0,73.0,0.0,0.9315068493150684,0.0684931506849315,8.293045408422122,13.593972602739727,
48436dade18ac8b2bce089ec2a041202,151.0,147.0,0.0,0.9319727891156463,0.06802721088435375,14.145738063744016,19.325850340136054,
3b15288545f8928d3e65a8f949a28291,121.0,118.0,0.0,0.9322033898305084,0.06779661016949153,14.329092219868173,20.33949152542373,
729b2d09b2a0bdab221076327f13d050,61.0,60.0,0.0,0.9333333333333333,0.06666666666666667,12.239614004629628,15.57833333333333,
640e21a7d01df7614a3b4923e990d40c,137.0,136.0,0.0,0.9338235294117647,0.0661764705882353,10.44772314133987,17.87985294117647,
dc4a0fc896dc34b0d5bfec8438291c80,249.0,242.0,0.0,0.9338842975206612,0.06611570247933884,13.811147363789411,18.562314049586778,
4830e40640734fc1c52cd21127c341d4,219.0,212.0,3.0,0.9339622641509434,0.0660377358490566,9.937044461914745,14.207169811320753,
8a432f4e5b471f8da497d7dc517666e2,106.0,106.0,0.0,0.9339622641509434,0.0660377358490566,7.961400462962962,18.53877358490566,
2e1c9f22be269ef4643f826c9e650a52,173.0,167.0,1.0,0.9341317365269461,0.0658682634730539,9.71666098358838,13.899880239520957,
f457c46070d02cadd8a68551231220dd,234.0,230.0,3.0,0.9347826086956522,0.06521739130434782,14.452987067230273,15.872652173913039,
c003204e1ab016dfa150abc119207b24,202.0,200.0,0.0,0.935,0.065,9.686840162037038,23.57085,
8a130737016f838139d31878787a39c9,62.0,62.0,0.0,0.9354838709677419,0.06451612903225806,10.235345355436081,13.585322580645162,
a17f621c590ea0fab3d5d883e1630ec6,80.0,78.0,2.0,0.9358974358974359,0.0641025641025641,11.659324103751187,14.030128205128207,
59fb871bf6f4522a87ba567b42dafecf,128.0,125.0,0.0,0.936,0.064,12.075128888888889,16.10864,
f80edd2c5aaa505cc4b0a3b219abf4b8,128.0,125.0,1.0,0.936,0.064,12.15315824074074,23.48096,
2ff97219cb8622eaf3cd89b7d9c09824,96.0,94.0,1.0,0.9361702127659575,0.06382978723404255,8.793597690110325,14.463829787234038,
5b925e1d006e9476d738aa200751b73b,63.0,63.0,0.0,0.9365079365079365,0.06349206349206349,10.885000367430925,16.719682539682537,
82e0a475a88cc9595229d8029273f045,80.0,79.0,1.0,0.9367088607594937,0.06329113924050633,15.259298816221284,18.58708860759494,
128639473a139ac0f3e5f5ade55873a5,560.0,554.0,0.0,0.9368231046931408,0.0631768953068592,14.412933066753576,17.472364620938627,
46dc3b2cc0980fb8ec44634e21d2718e,542.0,523.0,3.0,0.9369024856596558,0.06309751434034416,11.800423659797463,21.704588910133843,
d91fb3b7d041e83b64a00a3edfb37e4f,536.0,525.0,0.0,0.9371428571428572,0.06285714285714286,11.286405930335098,17.25344761904762,
0be8ff43f22e456b4e0371b2245e4d01,180.0,175.0,3.0,0.9371428571428572,0.06285714285714286,10.33649470899471,14.334228571428573,
850f4f8af5ea87287ac68de36e29107f,192.0,191.0,0.0,0.93717277486911,0.06282722513089005,10.143654801725809,16.21649214659686,
1127b7f2594683f2510f1c2c834a486b,132.0,128.0,4.0,0.9375,0.0625,10.250749511718752,13.817968749999999,
0509040ea3fe50071181bbc359eb7738,98.0,96.0,0.0,0.9375,0.0625,11.37837878568673,14.686458333333329,
96493fab2fbb13a14d0c0e8772eef5c3,64.0,64.0,0.0,0.9375,0.0625,13.393676396122686,18.94109375,
6560211a19b47992c3666cc44a7e94c0,2033.0,1996.0,8.0,0.9378757515030061,0.06212424849699399,9.539485927874269,13.701457915831664,
08633c14ef2db992c11f840f04fad4cd,97.0,97.0,0.0,0.9381443298969072,0.061855670103092786,10.114527968690341,14.685773195876287,
8f119a0aee85c0c8fc534629734e94fd,83.0,81.0,1.0,0.9382716049382716,0.06172839506172839,9.895761459762232,13.172962962962963,
9de4643a8dbde634fe55621059d92273,81.0,81.0,0.0,0.9382716049382716,0.06172839506172839,15.001743541380886,21.260123456790122,
01fdefa7697d26ad920e9e0346d4bd1b,131.0,130.0,0.0,0.9384615384615385,0.06153846153846154,10.751197560541312,21.002000000000002,
5a8e7d5003a1f221f9e1d6e411de7c23,181.0,179.0,1.0,0.9385474860335196,0.061452513966480445,10.467905674529277,14.897765363128492,
1b4c3a6f53068f0b6944d2d005c9fc89,117.0,115.0,0.0,0.9391304347826087,0.06086956521739131,14.341758756038647,25.882521739130436,
dbd66278cbfe1aa1000f90a217ca4695,99.0,99.0,0.0,0.9393939393939394,0.06060606060606061,9.060559062850727,15.59464646464646,
05d2173d43ea568aa0540eba70d2ca76,66.0,66.0,0.0,0.9393939393939394,0.06060606060606061,14.65211595117845,25.443484848484847,
6d803cb79cc31c41c4c789a75933b3c7,66.0,66.0,0.0,0.9393939393939394,0.06060606060606061,12.888389099326599,18.388939393939392,
7a241947449cc45dbfda4f9d0798d9d0,72.0,66.0,1.0,0.9393939393939394,0.06060606060606061,12.756627560325478,28.40878787878788,
834f3294fba9f932f56edc879193f925,66.0,66.0,0.0,0.9393939393939394,0.06060606060606061,14.296499017957352,65.15030303030304,
25c5c91f63607446a97b143d2d535d31,269.0,266.0,0.0,0.9398496240601504,0.06015037593984962,13.928476964981899,26.11248120300752,
9b00ed88b7fdb95d6ff76e27c1b52d16,51.0,50.0,1.0,0.94,0.06,9.04901087962963,11.356,
cb3dd9ce66268c7a3ca7241ac70ab58c,52.0,50.0,1.0,0.94,0.06,13.811846064814812,16.407,
cc419e0650a3c5ba77189a1882b7556a,1775.0,1719.0,9.0,0.9400814426992438,0.05991855730075625,11.539753288410575,14.453769633507854,
a7f13822ceb966b076af67121f87b063,86.0,84.0,0.0,0.9404761904761905,0.05952380952380952,22.157743468915346,35.270714285714284,
fa40cc5b934574b62717c68f3d678b6d,340.0,337.0,1.0,0.9406528189910979,0.05934718100890208,11.200961884547754,13.30127596439169,
3d871de0142ce09b7081e2b9d1733cb1,1147.0,1131.0,4.0,0.9407603890362511,0.0592396109637489,13.420824870239382,19.547524314765695,
8a32e327fe2c1b3511609d81aaf9f042,180.0,169.0,7.0,0.9408284023668639,0.05917159763313609,9.098777531229453,13.241065088757395,
7a67c85e85bb2ce8582c35f2203ad736,1171.0,1155.0,1.0,0.9411255411255411,0.05887445887445888,11.170943562610228,17.852666666666668,
f8db351d8c4c4c22c6835c19a46f01b0,724.0,714.0,1.0,0.9411764705882353,0.058823529411764705,9.914259048526818,17.373137254901962,
537eb890efff034a88679788b647c564,173.0,171.0,0.0,0.9415204678362573,0.05847953216374269,9.117996602230885,14.476842105263158,
5dceca129747e92ff8ef7a997dc4f8ca,346.0,343.0,1.0,0.9416909620991254,0.05830903790087463,11.273755027804773,39.58072886297376,
41b39e28db005d9731d9d485a83b4c38,231.0,223.0,2.0,0.9417040358744395,0.05829596412556054,12.488878352848367,16.8509865470852,
ceaec5548eefc6e23e6607c5435102e7,211.0,206.0,2.0,0.941747572815534,0.05825242718446602,12.918996932308522,29.978398058252427,
79ebd9a61bac3eaf882805ed4ecfa12a,143.0,140.0,0.0,0.9428571428571428,0.05714285714285714,15.332816468253966,28.195928571428574,
0241d4d5d36f10f80c644447315af0bd,246.0,246.0,0.0,0.943089430894309,0.056910569105691054,10.940865232610658,27.86142276422764,
7202e2ba20579a9bd1acb29e61fe71f6,55.0,53.0,0.0,0.9433962264150944,0.05660377358490566,13.22515068134172,21.34924528301887,
7d456afc660226829370f3173d14520c,91.0,89.0,0.0,0.9438202247191011,0.056179775280898875,9.030012094257179,16.41887640449438,
87142160b41353c4e5fca2360caf6f92,339.0,339.0,0.0,0.943952802359882,0.05604719764011799,10.805449647656506,21.293008849557523,
7e93a43ef30c4f03f38b393420bc753a,340.0,322.0,4.0,0.9440993788819876,0.055900621118012424,11.335140901771338,18.60888198757764,
a1043bafd471dff536d0c462352beb48,770.0,752.0,3.0,0.9441489361702128,0.05585106382978723,13.586722905585107,41.36105053191489,
001cca7ae9ae17fb1caed9dfb1094831,239.0,234.0,0.0,0.9444444444444444,0.05555555555555555,13.096631647673313,36.99089743589744,
6edacfd9f9074789dad6d62ba7950b9c,219.0,216.0,1.0,0.9444444444444444,0.05555555555555555,9.054125085733883,13.453148148148147,
81a1104df0f08b59c68aa5b03cfe398e,73.0,72.0,0.0,0.9444444444444444,0.05555555555555555,12.830092431841564,24.922916666666666,
2138ccb85b11a4ec1e37afbd1c8eda1f,429.0,419.0,4.0,0.9451073985680191,0.05489260143198091,11.263819941660037,14.087517899761334,
116ccb1a1604bc88e4d234a8c23f33de,73.0,73.0,0.0,0.9452054794520548,0.0547945205479452,8.779757420091325,12.923835616438355,
5f2684dab12e59f83bef73ae57724e45,74.0,73.0,1.0,0.9452054794520548,0.0547945205479452,10.283961662861493,15.202054794520548,
18a349e75d307f4b4cc646a691ed4216,148.0,128.0,2.0,0.9453125,0.0546875,11.065197663483797,14.770781249999999,
9b013e03b2ab786505a1d3b5c0756754,225.0,220.0,0.0,0.9454545454545454,0.05454545454545454,7.997937447390573,11.619454545454545,
dd2bdf855a9172734fbc3744021ae9b9,113.0,110.0,2.0,0.9454545454545454,0.05454545454545454,15.247500736531988,18.10918181818182,
2528513dd95219a6013d4d05176e391a,167.0,166.0,1.0,0.9457831325301205,0.05421686746987952,10.570914839915217,22.534759036144575,
701938c450705b8ae65fc923b70f35c7,112.0,111.0,0.0,0.9459459459459459,0.05405405405405406,12.521549674674672,33.97837837837838,
e333046ce6517bd8bb510291d44f0130,74.0,74.0,0.0,0.9459459459459459,0.05405405405405406,10.002230355355357,19.34216216216216,
cca3071e3e9bb7d12640c9fbe2301306,830.0,817.0,1.0,0.9461444308445532,0.05385556915544676,14.24264624133007,17.32361077111383,
09f952a5f58d2285b0372551ae8f9b01,56.0,56.0,0.0,0.9464285714285714,0.05357142857142857,13.147993138227516,27.231428571428573,
d2374cbcbb3ca4ab1086534108cc3ab7,631.0,620.0,1.0,0.9467741935483871,0.0532258064516129,14.297114882019116,15.232596774193548,
dee656f0f566ed1aa85bd137c943f08f,95.0,94.0,0.0,0.9468085106382979,0.05319148936170213,12.480772754137114,17.776489361702122,
53e4c6e0f4312d4d2107a8c9cddf45cd,522.0,512.0,2.0,0.947265625,0.052734375,12.027491274233217,18.9378125,
1a3df491d1c4f1589fc2b934ada68bf2,178.0,171.0,0.0,0.9473684210526315,0.05263157894736842,15.035251380766733,23.849298245614037,
0adac9fbd9a2b63cccaac4f8756c1ca8,142.0,134.0,7.0,0.9477611940298507,0.05223880597014925,12.779218663626313,17.894776119402984,
25e6ffe976bd75618accfe16cefcbd0d,117.0,115.0,1.0,0.9478260869565217,0.05217391304347826,9.975212057165862,14.671130434782606,
bfd27a966d91cfaafdb25d076585f0da,118.0,115.0,0.0,0.9478260869565217,0.05217391304347826,12.371912238325281,22.925304347826085,
1f9ab4708f3056ede07124aad39a2554,79.0,77.0,0.0,0.948051948051948,0.05194805194805195,14.565484607984606,30.905454545454543,
d9a84e1403de8da0c3aa531d6d108ba6,59.0,58.0,0.0,0.9482758620689655,0.05172413793103448,7.471924489144317,12.480172413793102,
dc317f341ab0e22f39acbd9dbf9b4a1f,58.0,58.0,0.0,0.9482758620689655,0.05172413793103448,12.163011653895275,61.75396551724138,
b6d44737c043328708f6749c2dbe50bd,80.0,79.0,1.0,0.9493670886075949,0.05063291139240506,7.913105954055322,19.612784810126584,
0c8380b62e38e8a1e6adbeba7eb9688c,220.0,218.0,0.0,0.9495412844036697,0.05045871559633028,12.583845300288822,18.67775229357798,
1c129092bf23f28a5930387c980c0dfc,220.0,219.0,0.0,0.9497716894977168,0.0502283105022831,11.589614673177742,13.797123287671232,
05ff92fedb5be47920fea08e501238b9,62.0,60.0,0.0,0.95,0.05,12.24626774691358,29.131500000000003,
1da3aeb70d7989d1e6d9b0e887f97c23,328.0,324.0,1.0,0.9506172839506173,0.04938271604938271,8.350644397290809,12.887407407407405,
8cbac7e12637ed9cffa18c7875207478,82.0,81.0,0.0,0.9506172839506173,0.04938271604938271,13.538199731367168,20.255925925925926,
3078096983cf766a32a06257648502d1,64.0,61.0,2.0,0.9508196721311475,0.04918032786885246,12.082166818457804,22.46311475409836,
870d0118f7a9d85960f29ad89d5d989a,61.0,61.0,0.0,0.9508196721311475,0.04918032786885246,14.932304948391014,20.83327868852459,
fdb9095204a334cd8872252ffec6f2db,61.0,61.0,0.0,0.9508196721311475,0.04918032786885246,8.870835610200364,18.579836065573772,
516e7738bd8f735ac19a010ee5450d8d,84.0,82.0,0.0,0.9512195121951219,0.04878048780487805,8.784532802619692,17.591463414634145,
7299e27ed73d2ad986de7f7c77d919fa,361.0,358.0,1.0,0.952513966480447,0.04748603351955307,11.322033060469689,19.00695530726257,
98dac6635aee4995d501a3972e047414,195.0,190.0,0.0,0.9526315789473684,0.04736842105263158,8.49672709551657,12.52421052631579,
e8b3a3a38279a82f0e5d006d5e5b7d2c,92.0,85.0,0.0,0.9529411764705882,0.047058823529411764,16.8948984204793,19.362470588235293,
9f505651f4a6abe901a56cdc21508025,430.0,426.0,0.0,0.9530516431924883,0.046948356807511735,8.16848548078595,13.966549295774648,
c33847515fa6305ce6feb1e818569f13,128.0,128.0,0.0,0.953125,0.046875,9.561364474826387,34.175078125,
cce6ab8d1682639fe45ab70234f1665f,66.0,64.0,1.0,0.953125,0.046875,15.456308955439816,17.76390625,
7178f9f4dd81dcef02f62acdf8151e01,216.0,215.0,0.0,0.9534883720930233,0.046511627906976744,15.640292420327306,20.39553488372093,
670c26e0f1bf8d0576271d5cfaec6d2b,87.0,86.0,0.0,0.9534883720930233,0.046511627906976744,13.737166639750216,19.53918604651163,
44073f8b7e41514de3b7815dd0237f4f,153.0,151.0,0.0,0.9536423841059603,0.046357615894039736,13.16752498773608,20.787086092715228,
4d6d651bd7684af3fffabd5f08d12e5a,395.0,389.0,1.0,0.9537275064267352,0.04627249357326478,13.056570146624772,20.017377892030847,
a3a38f4affed601eb87a97788c949667,263.0,260.0,0.0,0.9538461538461539,0.046153846153846156,12.492160211894586,19.941,
813348c996469b40f2e028d5429d3495,202.0,195.0,0.0,0.9538461538461539,0.046153846153846156,10.19760576923077,17.731794871794868,
01cf7e3d21494c41fb86034f2e714fa1,67.0,65.0,0.0,0.9538461538461539,0.046153846153846156,11.565541132478632,30.222307692307695,
1838dd9b8977065acf51d95e0053ea7a,67.0,65.0,0.0,0.9538461538461539,0.046153846153846156,12.563077635327634,18.65830769230769,
95f83f51203c626648c875dd41874c7f,67.0,65.0,1.0,0.9538461538461539,0.046153846153846156,11.095884081196582,23.909846153846157,
bd23da7354813347129d751591d1a6e2,90.0,87.0,1.0,0.9540229885057471,0.04597701149425287,9.830312899106001,15.914482758620691,
282f23a9769b2690c5dda22e316f9941,110.0,109.0,0.0,0.9541284403669725,0.045871559633027525,11.209118459055382,17.126330275229357,
aafe36600ce604f205b86b5084d3d767,131.0,131.0,0.0,0.9541984732824428,0.04580152671755725,12.440077484450097,18.48702290076336,
4e7c18b98d84e05cbae3ff0ff03846c2,89.0,88.0,0.0,0.9545454545454546,0.045454545454545456,12.086988241792927,32.08477272727273,
36a968b544695394e4e9d7572688598f,162.0,156.0,1.0,0.9551282051282052,0.04487179487179487,10.727268518518517,13.16173076923077,
00fc707aaaad2d31347cf883cd2dfe10,135.0,135.0,0.0,0.9555555555555556,0.044444444444444446,15.77124777091907,16.926592592592595,
710e3548e02bc1d2831dfc4f1b5b14d4,142.0,137.0,0.0,0.9562043795620438,0.043795620437956206,14.306008972019463,27.318686131386862,
1e8b33f18b4f7598d87f5cbee2282cc2,140.0,139.0,0.0,0.9568345323741008,0.04316546762589928,7.793638339328537,19.356187050359715,
dbb9b48c841a0e39e21f98e1a6b2ec3e,118.0,118.0,0.0,0.9576271186440678,0.0423728813559322,9.95449947033898,13.401779661016947,
7b07b3c7487f0ea825fc6df75abd658b,98.0,96.0,1.0,0.9583333333333334,0.041666666666666664,9.44808967496142,13.465520833333334,
066a6914e1ebf3ea95a216c73a986b91,74.0,72.0,0.0,0.9583333333333334,0.041666666666666664,14.171297743055554,22.98861111111111,
db4350fd57ae30082dec7acbaacc17f9,146.0,145.0,0.0,0.9586206896551724,0.041379310344827586,10.869059067688378,14.239310344827585,
0c7533c71df861ec58ad7ff999ed0e8d,73.0,73.0,0.0,0.958904109589041,0.0410958904109589,10.596120306950786,11.975479452054795,
d566c37fa119d5e66c4e9052e83ee4ea,73.0,73.0,0.0,0.958904109589041,0.0410958904109589,5.8279721588026385,13.413972602739726,
80e6699fe29150b372a0c8a1ebf7dcc8,100.0,98.0,0.0,0.9591836734693877,0.04081632653061224,11.488784367913832,27.215816326530614,
9d4db00d65d7760644ac0c14edb5fd86,100.0,99.0,0.0,0.9595959595959596,0.04040404040404041,8.073691428170596,15.248383838383836,
53243585a1d6dc2643021fd1853d8905,410.0,400.0,0.0,0.96,0.04,13.37442884837963,32.14145,
25cf099de44674fde97473224f9d59ab,50.0,50.0,0.0,0.96,0.04,9.392387962962964,14.1038,
7dc8c42cc750eeafea6c85712ffee9bf,50.0,50.0,0.0,0.96,0.04,8.66201689814815,20.7082,
de722cd6dad950a92b7d4f82673f8833,379.0,377.0,0.0,0.9602122015915119,0.03978779840848806,12.767603706159742,25.597586206896555,
febab0275244b9a49a623f0bd613ca2f,129.0,126.0,0.0,0.9603174603174603,0.03968253968253968,8.174898589065258,23.06738095238095,
7008613ea464bad5cb9b83456e1e6a8f,156.0,152.0,0.0,0.9605263157894737,0.039473684210526314,14.095737771076996,19.403552631578947,
94144541854e298c2d976cb893b81343,76.0,76.0,0.0,0.9605263157894737,0.039473684210526314,12.354747807017542,18.807499999999997,
abcd2cb37d46c2c8fb1bf071c859fc5b,52.0,51.0,0.0,0.9607843137254902,0.0392156862745098,13.683934958242554,25.578823529411775,
e0a366315b1b726b6c7832d664c0f530,51.0,51.0,0.0,0.9607843137254902,0.0392156862745098,7.462383578431372,14.609411764705882,
080102cd0a76b09e0dcf55fcacc60e05,130.0,128.0,0.0,0.9609375,0.0390625,9.722531919126157,16.881484375,
9e6229250fedbe05838fef417b74e7fb,78.0,77.0,0.0,0.961038961038961,0.03896103896103896,11.886663660413658,23.830649350649352,
f7720c4fa8e3aba4546301ab80ea1f1b,78.0,77.0,0.0,0.961038961038961,0.03896103896103896,9.924344185906687,17.107012987012986,
cd06602b43d8800bd0afad514919d35c,53.0,52.0,1.0,0.9615384615384616,0.038461538461538464,11.956750133547006,14.08730769230769,
669ae81880e08f269a64487cfb287169,186.0,185.0,1.0,0.9621621621621622,0.03783783783783784,11.985483858858856,18.115297297297296,
0691148aee60ca47977c187804f935ae,53.0,53.0,0.0,0.9622641509433962,0.03773584905660377,13.014661949685534,28.130943396226417,
20d83f3ef0e6925fd74bfd59170babf7,54.0,54.0,0.0,0.9629629629629629,0.037037037037037035,8.516469478737998,12.10388888888889,
6c177e38df6d3f34182b1f1d427231bf,56.0,54.0,0.0,0.9629629629629629,0.037037037037037035,14.304833033264746,18.55851851851852,
d94a40fd42351c259927028d163af842,110.0,109.0,0.0,0.963302752293578,0.03669724770642202,13.691236196058444,30.71165137614679,
0db783cfcd3b73998abc6e10e59a102f,137.0,137.0,0.0,0.9635036496350365,0.0364963503649635,11.658036631522034,14.592335766423357,
2dee2ce60de9709b1a24083217181a1f,55.0,55.0,0.0,0.9636363636363636,0.03636363636363636,14.451543560606058,37.45563636363635,
eeb6de78f79159600292e314a77cbd18,84.0,83.0,0.0,0.963855421686747,0.03614457831325301,12.113948153726014,36.09698795180723,
750303a20e9c56b2a6bc45cdce0b897d,57.0,56.0,0.0,0.9642857142857143,0.03571428571428571,13.664087094907407,23.014642857142857,
ebd2d60905fb58271facef5596b620d3,88.0,85.0,0.0,0.9647058823529412,0.03529411764705882,12.877629221132898,19.26329411764706,
85d9eb9ddc5d00ca9336a2219c97bb13,522.0,512.0,1.0,0.96484375,0.03515625,14.738470594618057,16.470058593749997,
1c68394e931a64f90ea236c5ea590300,171.0,171.0,0.0,0.9649122807017544,0.03508771929824561,15.752728909465024,16.938070175438597,
dfa0c4c6229ab200a4a1336b4d7128ff,86.0,86.0,0.0,0.9651162790697675,0.03488372093023256,9.643763727390182,20.54779069767442,
0432ead42b6c8a0bdf68154add917fdf,90.0,87.0,2.0,0.9655172413793104,0.034482758620689655,8.863279320987655,13.563218390804598,
30a2f535bb48308f991d0b9ad4a8c4bb,87.0,87.0,0.0,0.9655172413793104,0.034482758620689655,8.407107279693488,12.460459770114944,
138dbe45fc62f1e244378131a6801526,58.0,58.0,0.0,0.9655172413793104,0.034482758620689655,6.209949113984675,11.883448275862069,
376a891762bbdecbc02b4b6adec3fdda,58.0,58.0,0.0,0.9655172413793104,0.034482758620689655,12.116045857279692,22.19655172413793,
c864036feaab8c1659f65ea4faebe1da,58.0,58.0,0.0,0.9655172413793104,0.034482758620689655,12.280721982758621,31.820172413793102,
562fc2f2c2863ab7e79a9e4388a58a14,270.0,265.0,2.0,0.9660377358490566,0.033962264150943396,11.255386355695318,15.943245283018864,
062ce95fa2ad4dfaedfc79260130565f,60.0,59.0,0.0,0.9661016949152542,0.03389830508474576,13.336690207156309,20.07338983050848,
c6bda72e4dbf5c5866b13cb1810c6d03,59.0,59.0,0.0,0.9661016949152542,0.03389830508474576,10.208053005335842,19.26677966101695,
6b243f80ed07b10f0e8aa0f21a205f3c,89.0,89.0,0.0,0.9662921348314607,0.033707865168539325,11.021512432376198,17.38539325842697,
0b90b6df587eb83608a64ea8b390cf07,210.0,209.0,0.0,0.9665071770334929,0.03349282296650718,14.400937832270069,17.216172248803826,
5cf13accae3222c70a9cac40818ae839,156.0,155.0,0.0,0.967741935483871,0.03225806451612903,10.625281212664278,19.37341935483871,
d57e18d5f73c7ccb7f7339b61166898d,63.0,63.0,0.0,0.9682539682539683,0.031746031746031744,9.040871546149324,14.658571428571431,
e7d5b006eb624f13074497221eb37807,63.0,63.0,0.0,0.9682539682539683,0.031746031746031744,10.946910089653143,11.769682539682535,
95e03ca3d4146e4011985981aeb959b9,193.0,190.0,0.0,0.968421052631579,0.031578947368421054,12.354240740740739,16.785789473684208,
9674754b5a0cb32b638cec001178f799,97.0,95.0,2.0,0.968421052631579,0.031578947368421054,7.9466710526315785,12.591052631578942,
2a84855fd20af891be03bc5924d2b453,168.0,159.0,3.0,0.9685534591194969,0.031446540880503145,8.543380066387144,20.608301886792454,
ff063b022a9a0aab91bad2c9088760b7,96.0,96.0,0.0,0.96875,0.03125,9.401329571759259,20.6746875,
5c243662ce92d84573bfaff24c3e3700,100.0,100.0,0.0,0.97,0.03,10.80685208333333,17.756399999999996,
b76dba6c951ab00dc4edf0a1aa88037e,169.0,167.0,0.0,0.9700598802395209,0.029940119760479042,10.246473372699047,13.664850299401197,
966cb4760537b1404caedd472cc610a5,75.0,67.0,0.0,0.9701492537313433,0.029850746268656716,10.040945273631841,22.45238805970149,
ac3508719a1d8f5b7614b798f70af136,104.0,101.0,0.0,0.9702970297029703,0.0297029702970297,9.45691453520352,29.351683168316832,
76d64c4aca3a7baf218bf93ef7fa768d,69.0,69.0,0.0,0.9710144927536232,0.028985507246376812,10.723512647611381,51.35492753623189,
86ccac0b835037332a596a33b6949ee1,210.0,208.0,1.0,0.9711538461538461,0.028846153846153848,11.856614972845442,18.776971153846155,
91f848e9f4be368f4318775aac733370,73.0,70.0,0.0,0.9714285714285714,0.02857142857142857,10.34480357142857,17.055428571428568,
b92e3c8f9738272ff7c59e111e108d7c,70.0,70.0,0.0,0.9714285714285714,0.02857142857142857,16.306628306878306,34.48871428571429,
fcb5ace8bcc92f75707dc0f01a27d269,73.0,70.0,1.0,0.9714285714285714,0.02857142857142857,10.425272817460316,12.935571428571427,
7722b1df1b0e383e000397b2c11e3e19,145.0,144.0,0.0,0.9722222222222222,0.027777777777777776,8.58964369534465,14.301944444444445,
520b493b57809f446cb0a233bb3e25c7,73.0,73.0,0.0,0.9726027397260274,0.0273972602739726,7.380156804921361,14.574931506849316,
aaed1309374718fdd995ee4c58c9dfcd,112.0,111.0,0.0,0.972972972972973,0.02702702702702703,12.20175060477144,20.849369369369366,
37be5a7c751166fbc5f8ccba4119e043,281.0,278.0,0.0,0.9748201438848921,0.025179856115107913,10.607953304023448,21.659028776978417,
709e16e2b25c7474d980076c6bfc4806,80.0,80.0,0.0,0.975,0.025,10.457269965277778,15.337,
cab85505710c7cb9b720bceb52b01cee,209.0,204.0,0.0,0.9754901960784313,0.024509803921568627,10.18005049473493,13.859754901960784,
b4ffb71f0cb1b1c3d63fad021ecf93e1,165.0,164.0,0.0,0.975609756097561,0.024390243902439025,9.748157393292683,15.254573170731707,
080199a181c46c657dc5aa235411be3b,83.0,83.0,0.0,0.9759036144578314,0.024096385542168676,8.108475011155734,12.53831325301205,
dbc22125167c298ef99da25668e1011f,429.0,417.0,4.0,0.9760191846522782,0.023980815347721823,11.405500294209075,18.674892086330935,
17ca9b9e9b9ef8fdb529001b49ebb50f,129.0,128.0,0.0,0.9765625,0.0234375,8.056528862847223,18.35125,
e26901d5ab434ce92fd9b5c256820a4e,221.0,215.0,1.0,0.9767441860465116,0.023255813953488372,9.298153585271319,13.395953488372093,
609e1a9a6c2539919b8205cf7c4e6ff0,130.0,130.0,0.0,0.9769230769230769,0.023076923076923078,10.343952012108263,20.670692307692306,
c3cfdc648177fdbbbb35635a37472c53,307.0,307.0,0.0,0.9771986970684039,0.02280130293159609,9.690750919893835,19.803355048859935,
48162d548f5b1b11b9d29d1e01f75a61,91.0,89.0,1.0,0.9775280898876404,0.02247191011235955,11.219387094257177,22.94876404494382,
ca3bd7cd9f149df75950150d010fe4a2,138.0,135.0,1.0,0.9777777777777777,0.022222222222222223,13.791865569272979,24.584370370370372,
d98eec89afa3380e14463da2aabaea72,183.0,183.0,0.0,0.9781420765027322,0.02185792349726776,8.535790325844971,17.79661202185792,
06e5eefc71ec47ae763c5c6f8db7064f,95.0,93.0,0.0,0.978494623655914,0.021505376344086023,10.968650686977302,23.13602150537635,
8bb48dc19fccaa8613b6229bf7f452a2,95.0,95.0,0.0,0.9789473684210527,0.021052631578947368,11.17245967348928,19.551578947368416,
229c3efbfb0ea2058de4ccdfbc3d784a,148.0,145.0,0.0,0.9793103448275862,0.020689655172413793,10.838898148148148,15.866965517241379,
efcd8d2104f1a05d028af7bad20d974b,51.0,50.0,0.0,0.98,0.02,10.232507407407406,16.8062,
ce27a3cc3c8cc1ea79d11e561e9bebb6,164.0,151.0,0.0,0.9801324503311258,0.019867549668874173,10.078763643610499,14.269337748344372,
6cd68b3ed6d59aaa9fece558ad360c0a,157.0,157.0,0.0,0.9808917197452229,0.01910828025477707,10.455253007784854,16.113949044585986,
259f7b5e6e482c230e5bfaa670b6bb8f,165.0,162.0,0.0,0.9814814814814815,0.018518518518518517,8.603689700502972,16.631358024691355,
83e197e95a1bbabc8c75e883ed016c47,55.0,54.0,0.0,0.9814814814814815,0.018518518518518517,10.488401277434841,17.802407407407404,
a5cba26a62b8b4d0145b68b841e62e7f,55.0,54.0,0.0,0.9814814814814815,0.018518518518518517,13.203352194787378,24.943148148148154,
b1a81260566c1bac3114a6d124413f27,54.0,54.0,0.0,0.9814814814814815,0.018518518518518517,8.556352023319617,28.99092592592592,
f680f85bee2d253556ac91be391d2c82,54.0,54.0,0.0,0.9814814814814815,0.018518518518518517,10.347424554183814,16.544814814814817,
612170e34b97004b3ba37eae81836b4c,110.0,110.0,0.0,0.9818181818181818,0.01818181818181818,10.901777988215485,20.973272727272718,
0ef83d7d83ed97cd2a0049ac8be5f88a,55.0,55.0,0.0,0.9818181818181818,0.01818181818181818,9.616123106060606,18.669090909090908,
2a5b78b41cd05baeac8df54c6606b92c,60.0,56.0,0.0,0.9821428571428571,0.017857142857142856,9.33756365740741,18.235535714285714,
8c16d1f32a54d92897cc437244442e1b,118.0,118.0,0.0,0.9830508474576272,0.01694915254237288,10.976750333490271,17.898898305084746,
1b8356dabde1d35e17cef975c3f82730,61.0,60.0,0.0,0.9833333333333333,0.016666666666666666,10.25928761574074,16.170499999999997,
289cdb325fb7e7f891c38608bf9e0962,126.0,125.0,0.0,0.984,0.016,6.656417870370372,16.604160000000004,
33a6f4b1e7cdc205511e76ba1b6e0186,126.0,126.0,0.0,0.9841269841269841,0.015873015873015872,8.538114987507349,14.991269841269844,
6c7d50c24b3ccd2fd83b44d8bb34e073,128.0,126.0,1.0,0.9841269841269841,0.015873015873015872,12.13757982436802,21.252619047619046,
8ae520247981aa06bc94abddf5f46d34,65.0,65.0,0.0,0.9846153846153847,0.015384615384615385,10.979496438746438,22.236153846153844,
0ea22c1cfbdc755f86b9b54b39c16043,269.0,265.0,0.0,0.9849056603773585,0.01509433962264151,11.021397274633124,15.969735849056603,
12b9676b00f60f3b700e83af21824c0e,135.0,133.0,1.0,0.9849624060150376,0.015037593984962405,15.053846247563353,26.50879699248121,
cb8bcce248bb1fb274ba762d8b971456,69.0,67.0,0.0,0.9850746268656716,0.014925373134328358,12.57245802238806,17.911791044776116,
751bdc4d83a466c7206cd42e8f426b03,71.0,68.0,2.0,0.9852941176470589,0.014705882352941176,11.123993225762527,15.000294117647059,
582d4f8675b945722eda7c0cb61ba4c7,71.0,71.0,0.0,0.9859154929577465,0.014084507042253521,10.591509683098593,13.816478873239438,
d921b68bf747894be13a97ae52b0f386,77.0,77.0,0.0,0.987012987012987,0.012987012987012988,9.97529761904762,22.8312987012987,
9d5a9018aee56acb367ba9c3f05d1d6a,79.0,78.0,0.0,0.9871794871794872,0.01282051282051282,14.431774246201325,21.428333333333335,
744dac408745240a2c2528fb1b6028f3,84.0,83.0,0.0,0.9879518072289156,0.012048192771084338,11.141101768183846,22.62409638554217,
0df3984f9dfb3d49ac6366acbd3bbb85,89.0,88.0,1.0,0.9886363636363636,0.011363636363636364,9.61155579229798,16.852840909090908,
725c32fa80c2faacc4fc88450d27314e,93.0,93.0,0.0,0.989247311827957,0.010752688172043012,9.47580321585026,14.277204301075269,
d12c926d74ceff0a90a21184466ce161,99.0,97.0,0.0,0.9896907216494846,0.010309278350515464,8.551404519854907,12.632989690721647,
530ec6109d11eaaf87999465c6afee01,104.0,101.0,0.0,0.9900990099009901,0.009900990099009901,10.714642808030804,25.713366336633662,
822166ed1e47908f7cfb49946d03c726,108.0,108.0,0.0,0.9907407407407407,0.009259259259259259,13.872606631515778,16.862222222222222,
0bae85eb84b9fb3bd773911e89288d54,146.0,145.0,0.0,0.993103448275862,0.006896551724137931,10.269420977011494,20.048275862068966,
fc906263ca5083d09dce42fe02247800,119.0,117.0,0.0,1.0,0.0,9.34849952516619,15.857948717948714,
9616352088dcf83a7c06637f4ebf1c80,98.0,97.0,0.0,1.0,0.0,12.479685113592977,18.213402061855668,
f3b80352b986ab4d1057a4b724be19d0,92.0,91.0,0.0,1.0,0.0,10.605887896825397,23.365494505494503,
b372ee768ed69e46ca8cdbd267aa7a38,69.0,69.0,0.0,1.0,0.0,12.324170524691361,17.157101449275363,
57e632711dec9ec14ca7546769483e7e,65.0,65.0,0.0,1.0,0.0,10.777448896011396,18.584307692307693,
cc63f0dd2acba93ffed4fe9f8e0321fa,63.0,63.0,0.0,1.0,0.0,9.015471597589652,22.221746031746033,
fa1a9dec3a9940c072684a46728bf1fc,60.0,60.0,0.0,1.0,0.0,14.58622762345679,20.0285,
e882b2a25a10b9c057cc49695f222c19,58.0,58.0,0.0,1.0,0.0,9.458802681992339,49.24517241379309,
eed78ac17f7f795a19a709745f00cd4e,56.0,56.0,0.0,1.0,0.0,9.831139839616402,15.113214285714287,
6df688df543f90e9b38f4319e75a9d88,56.0,55.0,0.0,1.0,0.0,8.288001683501683,13.989818181818181,
2b3e4a2a3ea8e01938cabda2a3e5cc79,54.0,54.0,0.0,1.0,0.0,8.700260845336077,16.776851851851852,
4da0e408c99d2fdc2126dc9fce518060,54.0,54.0,0.0,1.0,0.0,9.155100308641975,17.38388888888889,
3504c0cb71d7fa48d967e0e4c94d59d9,53.0,53.0,0.0,1.0,0.0,7.327788478336829,12.96924528301887,
3bb548e3cb7f70f28e3f11ee9dce0e59,53.0,53.0,0.0,1.0,0.0,10.681195842068481,16.92056603773585,
81f89e42267213cb94da7ddc301651da,52.0,52.0,0.0,1.0,0.0,7.642944043803419,14.734230769230768,
aae3bfea055532c57fb453ed3ec80b30,50.0,50.0,0.0,1.0,0.0,12.442886805555554,15.985,
