customer_state,total_orders,delivered_orders,cancelled_orders,on_time_delivery_pct,sla_breach_pct,avg_delivery_days,freight_cost_per_delivered_order_brl,avg_review_score
AL,413.0,397.0,1.0,0.760705289672544,0.23929471032745592,24.543855361974067,38.581284634760706,3.8527918781725887
MA,747.0,717.0,4.0,0.803347280334728,0.19665271966527198,21.572976474120562,42.948633193863316,3.833567415730337
PI,495.0,476.0,4.0,0.8403361344537815,0.15966386554621848,19.457098262916276,42.97728991596638,3.9936305732484074
CE,1336.0,1279.0,7.0,0.8467552775605942,0.1532447224394058,21.266578634928912,36.49678655199374,3.941869599371563
SE,350.0,335.0,1.0,0.8477611940298507,0.15223880597014924,21.519788280818133,40.94011940298507,3.907185628742515
BA,3380.0,3256.0,16.0,0.8596437346437347,0.14035626535626536,19.335465824489262,29.96120085995086,3.930009290802106
RJ,12852.0,12350.0,86.0,0.8652631578947368,0.13473684210526315,15.30943754217274,23.947404048582996,3.965140720115742
TO,280.0,274.0,1.0,0.8722627737226277,0.12773722627737227,17.65806260982698,42.35350364963504,4.153846153846154
PA,975.0,946.0,4.0,0.8763213530655392,0.12367864693446089,23.772916911361676,39.69659619450317,3.909967845659164
ES,2033.0,1995.0,9.0,0.8776942355889724,0.12230576441102757,15.789307110368513,24.568661654135337,4.079735906551549
RR,46.0,41.0,1.0,0.8780487804878049,0.12195121951219512,29.387546014001806,48.34268292682927,3.902439024390244
MS,715.0,701.0,2.0,0.884450784593438,0.11554921540656206,15.618319018465684,27.015092724679032,4.160228898426324
PB,536.0,517.0,2.0,0.8897485493230174,0.1102514506769826,20.426767609606706,48.84280464216634,4.076171875
PE,1652.0,1593.0,5.0,0.8920276208411801,0.10797237915881984,18.448322994408407,35.833370998116756,4.082963901203294
RN,485.0,474.0,0.0,0.8924050632911392,0.10759493670886076,19.27815620604782,39.25974683544304,4.149681528662421
SC,3637.0,3546.0,19.0,0.9024252679075014,0.09757473209249859,14.954782876767771,24.84930908065426,4.133276499005399
GO,2020.0,1957.0,13.0,0.9182422074603985,0.08175779253960143,15.606338535456764,26.25224833929484,4.10431654676259
RS,5466.0,5345.0,25.0,0.9285313376987839,0.0714686623012161,15.300276192406855,24.803614593077643,4.1857518302984795
DF,2140.0,2080.0,7.0,0.9293269230769231,0.07067307692307692,12.967568108974358,23.85814423076923,4.133816425120773
MT,907.0,886.0,2.0,0.9322799097065463,0.06772009029345373,18.05575601172561,32.76839729119639,4.146188850967008
SP,41746.0,40501.0,327.0,0.9410631836250957,0.058936816374904326,8.761385996084925,17.334633465840348,4.246550625315554
MG,11635.0,11354.0,64.0,0.9438964241676943,0.056103575832305796,12.008665646060452,23.46396336093007,4.19246787771378
PR,5045.0,4923.0,22.0,0.9500304692260817,0.049969530773918344,11.991582227413277,23.490816575258986,4.239591836734694
AP,68.0,67.0,0.0,0.9552238805970149,0.04477611940298507,27.185067716970703,41.298507462686565,4.242424242424242
AM,148.0,145.0,0.0,0.9586206896551724,0.041379310344827586,26.425990900383145,37.44572413793103,4.243055555555555
AC,81.0,80.0,0.0,0.9625,0.0375,21.035712962962965,45.5545,4.0875
RO,253.0,243.0,3.0,0.9711934156378601,0.02880658436213992,19.37203651310776,46.43308641975309,4.1652892561983474
